iteration	train_loss	train_acc	n_params	class_imbalance	agg	batch_norm	batch_size	conv_layers	depth	hidden_size	include_dists	init_conv_dim	kernel_size	lr	n_heads	n_smps	n_snps	pool	stride	tokenizer	use_vit
0	1.1772724390029907	0.359375	137603	0.2890625	max		256		1	128	False			0.001	8	100	36			mlp	True
1	1.418343186378479	0.33984375	137603	0.30078125	max		256		1	128	False			0.001	8	100	36			mlp	True
2	1.1682652235031128	0.375	137603	0.30859375	max		256		1	128	False			0.001	8	100	36			mlp	True
3	1.1116859912872314	0.359375	137603	0.30859375	max		256		1	128	False			0.001	8	100	36			mlp	True
4	1.173742413520813	0.3203125	137603	0.31640625	max		256		1	128	False			0.001	8	100	36			mlp	True
5	1.1577879190444946	0.35546875	137603	0.31640625	max		256		1	128	False			0.001	8	100	36			mlp	True
6	1.141422152519226	0.3203125	137603	0.3125	max		256		1	128	False			0.001	8	100	36			mlp	True
7	1.1032201051712036	0.32421875	137603	0.27734375	max		256		1	128	False			0.001	8	100	36			mlp	True
8	1.0894050598144531	0.41796875	137603	0.29296875	max		256		1	128	False			0.001	8	100	36			mlp	True
9	1.128709316253662	0.328125	137603	0.31640625	max		256		1	128	False			0.001	8	100	36			mlp	True
10	1.0983169078826904	0.421875	137603	0.3125	max		256		1	128	False			0.001	8	100	36			mlp	True
11	1.1195447444915771	0.33203125	137603	0.31640625	max		256		1	128	False			0.001	8	100	36			mlp	True
12	1.0869563817977905	0.3984375	137603	0.29296875	max		256		1	128	False			0.001	8	100	36			mlp	True
13	1.0875587463378906	0.3671875	137603	0.30078125	max		256		1	128	False			0.001	8	100	36			mlp	True
14	1.1202760934829712	0.296875	137603	0.30078125	max		256		1	128	False			0.001	8	100	36			mlp	True
15	1.0953633785247803	0.33984375	137603	0.26953125	max		256		1	128	False			0.001	8	100	36			mlp	True
16	1.08397376537323	0.33984375	137603	0.29296875	max		256		1	128	False			0.001	8	100	36			mlp	True
17	1.0978190898895264	0.3359375	137603	0.2890625	max		256		1	128	False			0.001	8	100	36			mlp	True
18	1.083661437034607	0.34765625	137603	0.265625	max		256		1	128	False			0.001	8	100	36			mlp	True
19	1.0800260305404663	0.3671875	137603	0.27734375	max		256		1	128	False			0.001	8	100	36			mlp	True
20	1.0785198211669922	0.44921875	137603	0.29296875	max		256		1	128	False			0.001	8	100	36			mlp	True
21	1.0614798069000244	0.4296875	137603	0.2890625	max		256		1	128	False			0.001	8	100	36			mlp	True
22	1.1182210445404053	0.33984375	137603	0.29296875	max		256		1	128	False			0.001	8	100	36			mlp	True
23	1.1282718181610107	0.34375	137603	0.30859375	max		256		1	128	False			0.001	8	100	36			mlp	True
24	1.0897637605667114	0.40234375	137603	0.32421875	max		256		1	128	False			0.001	8	100	36			mlp	True
25	1.0902312994003296	0.38671875	137603	0.328125	max		256		1	128	False			0.001	8	100	36			mlp	True
26	1.0780434608459473	0.3515625	137603	0.3046875	max		256		1	128	False			0.001	8	100	36			mlp	True
27	1.0917284488677979	0.328125	137603	0.32421875	max		256		1	128	False			0.001	8	100	36			mlp	True
28	1.0909103155136108	0.3359375	137603	0.296875	max		256		1	128	False			0.001	8	100	36			mlp	True
29	1.0727459192276	0.3515625	137603	0.31640625	max		256		1	128	False			0.001	8	100	36			mlp	True
30	1.0629494190216064	0.4140625	137603	0.30078125	max		256		1	128	False			0.001	8	100	36			mlp	True
31	1.0430234670639038	0.45703125	137603	0.30859375	max		256		1	128	False			0.001	8	100	36			mlp	True
32	1.070438265800476	0.40234375	137603	0.28515625	max		256		1	128	False			0.001	8	100	36			mlp	True
33	1.043197751045227	0.46484375	137603	0.31640625	max		256		1	128	False			0.001	8	100	36			mlp	True
34	1.0746994018554688	0.40625	137603	0.2890625	max		256		1	128	False			0.001	8	100	36			mlp	True
35	1.0661054849624634	0.44921875	137603	0.28515625	max		256		1	128	False			0.001	8	100	36			mlp	True
36	1.0548864603042603	0.38671875	137603	0.27734375	max		256		1	128	False			0.001	8	100	36			mlp	True
37	1.0482491254806519	0.390625	137603	0.3125	max		256		1	128	False			0.001	8	100	36			mlp	True
38	1.0523406267166138	0.3671875	137603	0.3046875	max		256		1	128	False			0.001	8	100	36			mlp	True
39	1.0387063026428223	0.375	137603	0.30859375	max		256		1	128	False			0.001	8	100	36			mlp	True
40	1.0508842468261719	0.43359375	137603	0.29296875	max		256		1	128	False			0.001	8	100	36			mlp	True
41	1.0189646482467651	0.4921875	137603	0.30859375	max		256		1	128	False			0.001	8	100	36			mlp	True
42	1.1078859567642212	0.359375	137603	0.28125	max		256		1	128	False			0.001	8	100	36			mlp	True
43	1.07306969165802	0.390625	137603	0.30078125	max		256		1	128	False			0.001	8	100	36			mlp	True
44	1.0197830200195312	0.484375	137603	0.28125	max		256		1	128	False			0.001	8	100	36			mlp	True
45	1.0222620964050293	0.453125	137603	0.3125	max		256		1	128	False			0.001	8	100	36			mlp	True
46	1.036702036857605	0.44140625	137603	0.3046875	max		256		1	128	False			0.001	8	100	36			mlp	True
47	1.0390539169311523	0.4453125	137603	0.33203125	max		256		1	128	False			0.001	8	100	36			mlp	True
48	1.0364165306091309	0.45703125	137603	0.32421875	max		256		1	128	False			0.001	8	100	36			mlp	True
49	1.0784807205200195	0.3984375	137603	0.2890625	max		256		1	128	False			0.001	8	100	36			mlp	True
50	1.015828013420105	0.46484375	137603	0.2734375	max		256		1	128	False			0.001	8	100	36			mlp	True
51	1.0415118932724	0.3984375	137603	0.296875	max		256		1	128	False			0.001	8	100	36			mlp	True
52	1.0377514362335205	0.453125	137603	0.30859375	max		256		1	128	False			0.001	8	100	36			mlp	True
53	1.015007734298706	0.453125	137603	0.32421875	max		256		1	128	False			0.001	8	100	36			mlp	True
54	1.0565825700759888	0.47265625	137603	0.32421875	max		256		1	128	False			0.001	8	100	36			mlp	True
55	0.9957159161567688	0.51171875	137603	0.28125	max		256		1	128	False			0.001	8	100	36			mlp	True
56	1.0235451459884644	0.44140625	137603	0.28125	max		256		1	128	False			0.001	8	100	36			mlp	True
57	1.0523182153701782	0.41015625	137603	0.30078125	max		256		1	128	False			0.001	8	100	36			mlp	True
58	1.041870355606079	0.4375	137603	0.2890625	max		256		1	128	False			0.001	8	100	36			mlp	True
59	1.0057353973388672	0.42578125	137603	0.23828125	max		256		1	128	False			0.001	8	100	36			mlp	True
60	1.0134494304656982	0.42578125	137603	0.31640625	max		256		1	128	False			0.001	8	100	36			mlp	True
61	1.003892183303833	0.4375	137603	0.3203125	max		256		1	128	False			0.001	8	100	36			mlp	True
62	0.9460395574569702	0.53515625	137603	0.296875	max		256		1	128	False			0.001	8	100	36			mlp	True
63	0.9606952667236328	0.51171875	137603	0.28125	max		256		1	128	False			0.001	8	100	36			mlp	True
64	1.0627483129501343	0.4296875	137603	0.29296875	max		256		1	128	False			0.001	8	100	36			mlp	True
65	1.0161741971969604	0.45703125	137603	0.3203125	max		256		1	128	False			0.001	8	100	36			mlp	True
66	1.053587555885315	0.421875	137603	0.28125	max		256		1	128	False			0.001	8	100	36			mlp	True
67	0.9968353509902954	0.45703125	137603	0.3046875	max		256		1	128	False			0.001	8	100	36			mlp	True
68	1.0252809524536133	0.45703125	137603	0.3203125	max		256		1	128	False			0.001	8	100	36			mlp	True
69	1.0154865980148315	0.47265625	137603	0.32421875	max		256		1	128	False			0.001	8	100	36			mlp	True
70	1.0318851470947266	0.4140625	137603	0.296875	max		256		1	128	False			0.001	8	100	36			mlp	True
71	0.9657593369483948	0.484375	137603	0.3046875	max		256		1	128	False			0.001	8	100	36			mlp	True
72	1.016745686531067	0.43359375	137603	0.296875	max		256		1	128	False			0.001	8	100	36			mlp	True
73	1.0687566995620728	0.41015625	137603	0.29296875	max		256		1	128	False			0.001	8	100	36			mlp	True
74	0.9910725951194763	0.47265625	137603	0.2890625	max		256		1	128	False			0.001	8	100	36			mlp	True
75	0.9399672746658325	0.51953125	137603	0.296875	max		256		1	128	False			0.001	8	100	36			mlp	True
76	1.0055763721466064	0.4296875	137603	0.296875	max		256		1	128	False			0.001	8	100	36			mlp	True
77	0.943297266960144	0.5078125	137603	0.28515625	max		256		1	128	False			0.001	8	100	36			mlp	True
78	1.0197486877441406	0.44140625	137603	0.296875	max		256		1	128	False			0.001	8	100	36			mlp	True
79	0.9516963362693787	0.5	137603	0.3125	max		256		1	128	False			0.001	8	100	36			mlp	True
80	0.9997765421867371	0.47265625	137603	0.296875	max		256		1	128	False			0.001	8	100	36			mlp	True
81	0.9874078631401062	0.47265625	137603	0.31640625	max		256		1	128	False			0.001	8	100	36			mlp	True
82	0.9084473848342896	0.5234375	137603	0.296875	max		256		1	128	False			0.001	8	100	36			mlp	True
83	1.0039995908737183	0.46484375	137603	0.3046875	max		256		1	128	False			0.001	8	100	36			mlp	True
84	0.9833666086196899	0.45703125	137603	0.30859375	max		256		1	128	False			0.001	8	100	36			mlp	True
85	1.0228933095932007	0.484375	137603	0.30859375	max		256		1	128	False			0.001	8	100	36			mlp	True
86	0.9837653636932373	0.484375	137603	0.30859375	max		256		1	128	False			0.001	8	100	36			mlp	True
87	0.9816382527351379	0.4453125	137603	0.27734375	max		256		1	128	False			0.001	8	100	36			mlp	True
88	0.9925611019134521	0.51171875	137603	0.3125	max		256		1	128	False			0.001	8	100	36			mlp	True
89	0.9669890999794006	0.51171875	137603	0.28515625	max		256		1	128	False			0.001	8	100	36			mlp	True
90	0.9751713275909424	0.49609375	137603	0.31640625	max		256		1	128	False			0.001	8	100	36			mlp	True
91	0.9800878763198853	0.5078125	137603	0.30078125	max		256		1	128	False			0.001	8	100	36			mlp	True
92	1.007657527923584	0.48046875	137603	0.30078125	max		256		1	128	False			0.001	8	100	36			mlp	True
93	0.9715742468833923	0.4765625	137603	0.31640625	max		256		1	128	False			0.001	8	100	36			mlp	True
94	1.0014923810958862	0.5234375	137603	0.3125	max		256		1	128	False			0.001	8	100	36			mlp	True
95	0.9946187138557434	0.49609375	137603	0.30078125	max		256		1	128	False			0.001	8	100	36			mlp	True
96	0.9855805039405823	0.44921875	137603	0.30078125	max		256		1	128	False			0.001	8	100	36			mlp	True
97	0.9376502633094788	0.51171875	137603	0.3125	max		256		1	128	False			0.001	8	100	36			mlp	True
98	1.0181825160980225	0.4375	137603	0.31640625	max		256		1	128	False			0.001	8	100	36			mlp	True
99	0.9686692953109741	0.46875	137603	0.30078125	max		256		1	128	False			0.001	8	100	36			mlp	True
100	1.0453885793685913	0.46484375	137603	0.33203125	max		256		1	128	False			0.001	8	100	36			mlp	True
101	0.9601812362670898	0.484375	137603	0.28125	max		256		1	128	False			0.001	8	100	36			mlp	True
102	0.9222115874290466	0.54296875	137603	0.33203125	max		256		1	128	False			0.001	8	100	36			mlp	True
103	0.8687267303466797	0.546875	137603	0.31640625	max		256		1	128	False			0.001	8	100	36			mlp	True
104	0.9967682361602783	0.42578125	137603	0.30078125	max		256		1	128	False			0.001	8	100	36			mlp	True
105	1.0132544040679932	0.4609375	137603	0.3125	max		256		1	128	False			0.001	8	100	36			mlp	True
106	0.9796121716499329	0.51171875	137603	0.328125	max		256		1	128	False			0.001	8	100	36			mlp	True
107	0.9909703135490417	0.453125	137603	0.296875	max		256		1	128	False			0.001	8	100	36			mlp	True
108	0.9845075011253357	0.484375	137603	0.265625	max		256		1	128	False			0.001	8	100	36			mlp	True
109	0.9931454062461853	0.46484375	137603	0.3046875	max		256		1	128	False			0.001	8	100	36			mlp	True
110	1.0655242204666138	0.421875	137603	0.30859375	max		256		1	128	False			0.001	8	100	36			mlp	True
111	0.9642335772514343	0.4140625	137603	0.25	max		256		1	128	False			0.001	8	100	36			mlp	True
112	0.993979275226593	0.4296875	137603	0.30859375	max		256		1	128	False			0.001	8	100	36			mlp	True
113	0.9377903342247009	0.4921875	137603	0.3203125	max		256		1	128	False			0.001	8	100	36			mlp	True
114	0.9772583842277527	0.51171875	137603	0.3046875	max		256		1	128	False			0.001	8	100	36			mlp	True
115	0.9629971385002136	0.48828125	137603	0.296875	max		256		1	128	False			0.001	8	100	36			mlp	True
116	0.9514283537864685	0.49609375	137603	0.30078125	max		256		1	128	False			0.001	8	100	36			mlp	True
117	0.9852117300033569	0.5	137603	0.28125	max		256		1	128	False			0.001	8	100	36			mlp	True
118	1.001434087753296	0.4609375	137603	0.28515625	max		256		1	128	False			0.001	8	100	36			mlp	True
119	0.9936045408248901	0.484375	137603	0.3046875	max		256		1	128	False			0.001	8	100	36			mlp	True
120	0.9431098699569702	0.5546875	137603	0.26953125	max		256		1	128	False			0.001	8	100	36			mlp	True
121	0.9146497249603271	0.5546875	137603	0.26953125	max		256		1	128	False			0.001	8	100	36			mlp	True
122	0.9989441633224487	0.4609375	137603	0.3125	max		256		1	128	False			0.001	8	100	36			mlp	True
123	1.0007842779159546	0.44921875	137603	0.3046875	max		256		1	128	False			0.001	8	100	36			mlp	True
124	0.9787198901176453	0.48046875	137603	0.3203125	max		256		1	128	False			0.001	8	100	36			mlp	True
125	0.98573899269104	0.47265625	137603	0.2890625	max		256		1	128	False			0.001	8	100	36			mlp	True
126	1.004537582397461	0.4765625	137603	0.2890625	max		256		1	128	False			0.001	8	100	36			mlp	True
127	0.9556119441986084	0.48046875	137603	0.30859375	max		256		1	128	False			0.001	8	100	36			mlp	True
128	0.9330882430076599	0.53125	137603	0.27734375	max		256		1	128	False			0.001	8	100	36			mlp	True
129	0.9749016165733337	0.484375	137603	0.296875	max		256		1	128	False			0.001	8	100	36			mlp	True
130	0.9661072492599487	0.47265625	137603	0.28515625	max		256		1	128	False			0.001	8	100	36			mlp	True
131	0.9707818031311035	0.4765625	137603	0.328125	max		256		1	128	False			0.001	8	100	36			mlp	True
132	0.9733735918998718	0.453125	137603	0.296875	max		256		1	128	False			0.001	8	100	36			mlp	True
133	0.9792513251304626	0.46484375	137603	0.3046875	max		256		1	128	False			0.001	8	100	36			mlp	True
134	0.9410578012466431	0.48828125	137603	0.3125	max		256		1	128	False			0.001	8	100	36			mlp	True
135	0.9609733819961548	0.5	137603	0.3125	max		256		1	128	False			0.001	8	100	36			mlp	True
136	0.9050986170768738	0.5546875	137603	0.29296875	max		256		1	128	False			0.001	8	100	36			mlp	True
137	0.9636344313621521	0.46875	137603	0.328125	max		256		1	128	False			0.001	8	100	36			mlp	True
138	0.965003490447998	0.46484375	137603	0.2890625	max		256		1	128	False			0.001	8	100	36			mlp	True
139	0.9162498116493225	0.5546875	137603	0.29296875	max		256		1	128	False			0.001	8	100	36			mlp	True
140	0.9183675050735474	0.515625	137603	0.3125	max		256		1	128	False			0.001	8	100	36			mlp	True
141	0.9577817320823669	0.4765625	137603	0.3125	max		256		1	128	False			0.001	8	100	36			mlp	True
142	0.9318785071372986	0.5625	137603	0.31640625	max		256		1	128	False			0.001	8	100	36			mlp	True
143	1.011361002922058	0.51953125	137603	0.3203125	max		256		1	128	False			0.001	8	100	36			mlp	True
144	0.9345230460166931	0.52734375	137603	0.30859375	max		256		1	128	False			0.001	8	100	36			mlp	True
145	0.9180284738540649	0.5390625	137603	0.30078125	max		256		1	128	False			0.001	8	100	36			mlp	True
146	0.9392174482345581	0.5078125	137603	0.2890625	max		256		1	128	False			0.001	8	100	36			mlp	True
147	0.9240157008171082	0.515625	137603	0.29296875	max		256		1	128	False			0.001	8	100	36			mlp	True
148	0.9078971743583679	0.55078125	137603	0.3046875	max		256		1	128	False			0.001	8	100	36			mlp	True
149	0.9438593983650208	0.48046875	137603	0.28125	max		256		1	128	False			0.001	8	100	36			mlp	True
150	0.9628658890724182	0.48046875	137603	0.29296875	max		256		1	128	False			0.001	8	100	36			mlp	True
151	0.8985854983329773	0.4765625	137603	0.2890625	max		256		1	128	False			0.001	8	100	36			mlp	True
152	0.9674339294433594	0.48046875	137603	0.29296875	max		256		1	128	False			0.001	8	100	36			mlp	True
153	0.9532594084739685	0.51171875	137603	0.28515625	max		256		1	128	False			0.001	8	100	36			mlp	True
154	0.9407374262809753	0.4921875	137603	0.31640625	max		256		1	128	False			0.001	8	100	36			mlp	True
155	0.9919838905334473	0.5	137603	0.3046875	max		256		1	128	False			0.001	8	100	36			mlp	True
156	0.9978184103965759	0.44921875	137603	0.26171875	max		256		1	128	False			0.001	8	100	36			mlp	True
157	1.0391921997070312	0.42578125	137603	0.3046875	max		256		1	128	False			0.001	8	100	36			mlp	True
158	0.9193572402000427	0.50390625	137603	0.32421875	max		256		1	128	False			0.001	8	100	36			mlp	True
159	0.9458073973655701	0.46875	137603	0.296875	max		256		1	128	False			0.001	8	100	36			mlp	True
160	0.9938045144081116	0.46484375	137603	0.296875	max		256		1	128	False			0.001	8	100	36			mlp	True
161	0.9309748411178589	0.45703125	137603	0.3046875	max		256		1	128	False			0.001	8	100	36			mlp	True
162	0.9476418495178223	0.50390625	137603	0.3125	max		256		1	128	False			0.001	8	100	36			mlp	True
163	0.9165754318237305	0.54296875	137603	0.3046875	max		256		1	128	False			0.001	8	100	36			mlp	True
164	0.9610881209373474	0.5	137603	0.32421875	max		256		1	128	False			0.001	8	100	36			mlp	True
165	0.9671891927719116	0.5	137603	0.328125	max		256		1	128	False			0.001	8	100	36			mlp	True
166	0.9571945071220398	0.5078125	137603	0.296875	max		256		1	128	False			0.001	8	100	36			mlp	True
167	0.9628416299819946	0.5078125	137603	0.3046875	max		256		1	128	False			0.001	8	100	36			mlp	True
168	0.9830583333969116	0.4765625	137603	0.33203125	max		256		1	128	False			0.001	8	100	36			mlp	True
169	0.9086595773696899	0.52734375	137603	0.296875	max		256		1	128	False			0.001	8	100	36			mlp	True
170	0.9517498016357422	0.453125	137603	0.296875	max		256		1	128	False			0.001	8	100	36			mlp	True
171	0.9595472812652588	0.46484375	137603	0.27734375	max		256		1	128	False			0.001	8	100	36			mlp	True
172	0.9930587410926819	0.46484375	137603	0.296875	max		256		1	128	False			0.001	8	100	36			mlp	True
173	0.9215664267539978	0.5234375	137603	0.3203125	max		256		1	128	False			0.001	8	100	36			mlp	True
174	0.9092985987663269	0.51171875	137603	0.3203125	max		256		1	128	False			0.001	8	100	36			mlp	True
175	0.916359543800354	0.50390625	137603	0.30859375	max		256		1	128	False			0.001	8	100	36			mlp	True
176	0.9272541999816895	0.5234375	137603	0.3046875	max		256		1	128	False			0.001	8	100	36			mlp	True
177	1.0025968551635742	0.45703125	137603	0.29296875	max		256		1	128	False			0.001	8	100	36			mlp	True
178	0.9105811715126038	0.52734375	137603	0.28125	max		256		1	128	False			0.001	8	100	36			mlp	True
179	0.9299558997154236	0.53125	137603	0.27734375	max		256		1	128	False			0.001	8	100	36			mlp	True
180	0.9476883411407471	0.52734375	137603	0.31640625	max		256		1	128	False			0.001	8	100	36			mlp	True
181	0.9077996015548706	0.53125	137603	0.3046875	max		256		1	128	False			0.001	8	100	36			mlp	True
182	0.8939180970191956	0.5546875	137603	0.3125	max		256		1	128	False			0.001	8	100	36			mlp	True
183	0.9816566109657288	0.453125	137603	0.296875	max		256		1	128	False			0.001	8	100	36			mlp	True
184	0.9567474722862244	0.5078125	137603	0.32421875	max		256		1	128	False			0.001	8	100	36			mlp	True
185	0.9237425327301025	0.51171875	137603	0.2890625	max		256		1	128	False			0.001	8	100	36			mlp	True
186	0.9603524208068848	0.52734375	137603	0.3203125	max		256		1	128	False			0.001	8	100	36			mlp	True
187	0.9719330072402954	0.4765625	137603	0.30859375	max		256		1	128	False			0.001	8	100	36			mlp	True
188	0.9221110939979553	0.55078125	137603	0.328125	max		256		1	128	False			0.001	8	100	36			mlp	True
189	0.9305002093315125	0.54296875	137603	0.33203125	max		256		1	128	False			0.001	8	100	36			mlp	True
190	0.9034766554832458	0.515625	137603	0.3125	max		256		1	128	False			0.001	8	100	36			mlp	True
191	0.9276508092880249	0.51953125	137603	0.3046875	max		256		1	128	False			0.001	8	100	36			mlp	True
192	0.9797887802124023	0.4609375	137603	0.29296875	max		256		1	128	False			0.001	8	100	36			mlp	True
193	0.9381627440452576	0.5	137603	0.3125	max		256		1	128	False			0.001	8	100	36			mlp	True
194	0.960116446018219	0.484375	137603	0.3046875	max		256		1	128	False			0.001	8	100	36			mlp	True
195	0.9069931507110596	0.48046875	137603	0.30859375	max		256		1	128	False			0.001	8	100	36			mlp	True
196	0.9004963636398315	0.49609375	137603	0.30859375	max		256		1	128	False			0.001	8	100	36			mlp	True
197	0.8948949575424194	0.5	137603	0.3046875	max		256		1	128	False			0.001	8	100	36			mlp	True
198	0.9532553553581238	0.515625	137603	0.30859375	max		256		1	128	False			0.001	8	100	36			mlp	True
199	0.9416500926017761	0.4921875	137603	0.32421875	max		256		1	128	False			0.001	8	100	36			mlp	True
200	0.8861149549484253	0.5546875	137603	0.31640625	max		256		1	128	False			0.001	8	100	36			mlp	True
201	0.9061833024024963	0.5625	137603	0.3046875	max		256		1	128	False			0.001	8	100	36			mlp	True
202	0.8789904117584229	0.5546875	137603	0.296875	max		256		1	128	False			0.001	8	100	36			mlp	True
203	0.9141817688941956	0.53515625	137603	0.3203125	max		256		1	128	False			0.001	8	100	36			mlp	True
204	1.0227760076522827	0.5078125	137603	0.27734375	max		256		1	128	False			0.001	8	100	36			mlp	True
205	0.8993165493011475	0.54296875	137603	0.31640625	max		256		1	128	False			0.001	8	100	36			mlp	True
206	1.0236985683441162	0.48828125	137603	0.30859375	max		256		1	128	False			0.001	8	100	36			mlp	True
207	0.928799033164978	0.484375	137603	0.30078125	max		256		1	128	False			0.001	8	100	36			mlp	True
208	0.8917012214660645	0.6015625	137603	0.30078125	max		256		1	128	False			0.001	8	100	36			mlp	True
209	1.0226471424102783	0.49609375	137603	0.28125	max		256		1	128	False			0.001	8	100	36			mlp	True
210	0.9876236319541931	0.46484375	137603	0.29296875	max		256		1	128	False			0.001	8	100	36			mlp	True
211	0.944292426109314	0.4921875	137603	0.328125	max		256		1	128	False			0.001	8	100	36			mlp	True
212	0.9588481187820435	0.5	137603	0.3203125	max		256		1	128	False			0.001	8	100	36			mlp	True
213	0.9906429052352905	0.5234375	137603	0.32421875	max		256		1	128	False			0.001	8	100	36			mlp	True
214	0.9618712663650513	0.45703125	137603	0.296875	max		256		1	128	False			0.001	8	100	36			mlp	True
215	0.9376859068870544	0.52734375	137603	0.3046875	max		256		1	128	False			0.001	8	100	36			mlp	True
216	0.9435700178146362	0.51171875	137603	0.3125	max		256		1	128	False			0.001	8	100	36			mlp	True
217	0.9902986288070679	0.46875	137603	0.29296875	max		256		1	128	False			0.001	8	100	36			mlp	True
218	0.9391381740570068	0.4921875	137603	0.296875	max		256		1	128	False			0.001	8	100	36			mlp	True
219	0.9416549801826477	0.515625	137603	0.29296875	max		256		1	128	False			0.001	8	100	36			mlp	True
220	0.9366308450698853	0.53125	137603	0.31640625	max		256		1	128	False			0.001	8	100	36			mlp	True
221	0.9800719618797302	0.44921875	137603	0.29296875	max		256		1	128	False			0.001	8	100	36			mlp	True
222	0.9214499592781067	0.53125	137603	0.33203125	max		256		1	128	False			0.001	8	100	36			mlp	True
223	0.9127764105796814	0.54296875	137603	0.3046875	max		256		1	128	False			0.001	8	100	36			mlp	True
224	0.9146624803543091	0.53125	137603	0.3046875	max		256		1	128	False			0.001	8	100	36			mlp	True
225	0.9555492401123047	0.5078125	137603	0.30859375	max		256		1	128	False			0.001	8	100	36			mlp	True
226	0.9100654721260071	0.5234375	137603	0.26953125	max		256		1	128	False			0.001	8	100	36			mlp	True
227	0.9318224191665649	0.50390625	137603	0.3125	max		256		1	128	False			0.001	8	100	36			mlp	True
228	0.9957963824272156	0.46484375	137603	0.32421875	max		256		1	128	False			0.001	8	100	36			mlp	True
229	0.9097006320953369	0.49609375	137603	0.265625	max		256		1	128	False			0.001	8	100	36			mlp	True
230	0.907024085521698	0.53515625	137603	0.3125	max		256		1	128	False			0.001	8	100	36			mlp	True
231	0.9097549915313721	0.51953125	137603	0.2734375	max		256		1	128	False			0.001	8	100	36			mlp	True
232	0.9807353019714355	0.44921875	137603	0.3125	max		256		1	128	False			0.001	8	100	36			mlp	True
233	0.9558234810829163	0.53125	137603	0.30078125	max		256		1	128	False			0.001	8	100	36			mlp	True
234	1.005557656288147	0.4609375	137603	0.2890625	max		256		1	128	False			0.001	8	100	36			mlp	True
235	0.9435444474220276	0.53125	137603	0.2734375	max		256		1	128	False			0.001	8	100	36			mlp	True
236	0.9173134565353394	0.5390625	137603	0.3203125	max		256		1	128	False			0.001	8	100	36			mlp	True
237	0.9200413227081299	0.55078125	137603	0.3125	max		256		1	128	False			0.001	8	100	36			mlp	True
238	0.9703639149665833	0.50390625	137603	0.31640625	max		256		1	128	False			0.001	8	100	36			mlp	True
239	0.9792335033416748	0.45703125	137603	0.3046875	max		256		1	128	False			0.001	8	100	36			mlp	True
240	0.9500412344932556	0.51953125	137603	0.3125	max		256		1	128	False			0.001	8	100	36			mlp	True
241	0.9134159088134766	0.50390625	137603	0.3046875	max		256		1	128	False			0.001	8	100	36			mlp	True
242	0.8779311180114746	0.54296875	137603	0.29296875	max		256		1	128	False			0.001	8	100	36			mlp	True
243	0.9218692779541016	0.515625	137603	0.32421875	max		256		1	128	False			0.001	8	100	36			mlp	True
244	0.9453707933425903	0.51171875	137603	0.30078125	max		256		1	128	False			0.001	8	100	36			mlp	True
245	0.9096680879592896	0.53515625	137603	0.3125	max		256		1	128	False			0.001	8	100	36			mlp	True
246	0.9430248141288757	0.4921875	137603	0.30078125	max		256		1	128	False			0.001	8	100	36			mlp	True
247	0.945773720741272	0.51171875	137603	0.30078125	max		256		1	128	False			0.001	8	100	36			mlp	True
248	0.9329484105110168	0.5078125	137603	0.3046875	max		256		1	128	False			0.001	8	100	36			mlp	True
249	0.9387567043304443	0.4921875	137603	0.296875	max		256		1	128	False			0.001	8	100	36			mlp	True
250	0.9270727038383484	0.50390625	137603	0.32421875	max		256		1	128	False			0.001	8	100	36			mlp	True
251	0.9666110277175903	0.4765625	137603	0.31640625	max		256		1	128	False			0.001	8	100	36			mlp	True
252	0.979732096195221	0.453125	137603	0.28125	max		256		1	128	False			0.001	8	100	36			mlp	True
253	0.9677512049674988	0.50390625	137603	0.296875	max		256		1	128	False			0.001	8	100	36			mlp	True
254	0.9250952005386353	0.484375	137603	0.31640625	max		256		1	128	False			0.001	8	100	36			mlp	True
255	0.8484299778938293	0.609375	137603	0.3203125	max		256		1	128	False			0.001	8	100	36			mlp	True
256	0.9692707061767578	0.51171875	137603	0.31640625	max		256		1	128	False			0.001	8	100	36			mlp	True
257	0.9268028140068054	0.515625	137603	0.28125	max		256		1	128	False			0.001	8	100	36			mlp	True
258	0.9295969009399414	0.515625	137603	0.31640625	max		256		1	128	False			0.001	8	100	36			mlp	True
259	0.980438232421875	0.48046875	137603	0.3125	max		256		1	128	False			0.001	8	100	36			mlp	True
260	0.9569211006164551	0.51171875	137603	0.26953125	max		256		1	128	False			0.001	8	100	36			mlp	True
261	0.8814674019813538	0.5078125	137603	0.30859375	max		256		1	128	False			0.001	8	100	36			mlp	True
262	0.9516562819480896	0.484375	137603	0.31640625	max		256		1	128	False			0.001	8	100	36			mlp	True
263	0.8816068172454834	0.55859375	137603	0.3125	max		256		1	128	False			0.001	8	100	36			mlp	True
264	0.8584190607070923	0.5703125	137603	0.2890625	max		256		1	128	False			0.001	8	100	36			mlp	True
265	0.9154862761497498	0.52734375	137603	0.3203125	max		256		1	128	False			0.001	8	100	36			mlp	True
266	0.8796982169151306	0.5546875	137603	0.296875	max		256		1	128	False			0.001	8	100	36			mlp	True
267	0.9214158058166504	0.5390625	137603	0.28125	max		256		1	128	False			0.001	8	100	36			mlp	True
268	0.9330873489379883	0.5	137603	0.28125	max		256		1	128	False			0.001	8	100	36			mlp	True
269	0.9113210439682007	0.51953125	137603	0.3046875	max		256		1	128	False			0.001	8	100	36			mlp	True
270	0.8789352178573608	0.5703125	137603	0.29296875	max		256		1	128	False			0.001	8	100	36			mlp	True
271	0.9270616173744202	0.5390625	137603	0.296875	max		256		1	128	False			0.001	8	100	36			mlp	True
272	0.9316988587379456	0.51953125	137603	0.3046875	max		256		1	128	False			0.001	8	100	36			mlp	True
273	0.9222915172576904	0.5234375	137603	0.2890625	max		256		1	128	False			0.001	8	100	36			mlp	True
274	0.9621456265449524	0.484375	137603	0.30078125	max		256		1	128	False			0.001	8	100	36			mlp	True
275	0.9151841402053833	0.5078125	137603	0.30859375	max		256		1	128	False			0.001	8	100	36			mlp	True
276	0.9356146454811096	0.46875	137603	0.26953125	max		256		1	128	False			0.001	8	100	36			mlp	True
277	0.953377902507782	0.54296875	137603	0.29296875	max		256		1	128	False			0.001	8	100	36			mlp	True
278	0.8977869749069214	0.515625	137603	0.3125	max		256		1	128	False			0.001	8	100	36			mlp	True
279	0.9206765294075012	0.5	137603	0.31640625	max		256		1	128	False			0.001	8	100	36			mlp	True
280	0.9516558647155762	0.50390625	137603	0.30859375	max		256		1	128	False			0.001	8	100	36			mlp	True
281	0.9570973515510559	0.46875	137603	0.28515625	max		256		1	128	False			0.001	8	100	36			mlp	True
282	0.8852344155311584	0.53515625	137603	0.3125	max		256		1	128	False			0.001	8	100	36			mlp	True
283	0.9145933389663696	0.546875	137603	0.29296875	max		256		1	128	False			0.001	8	100	36			mlp	True
284	0.923999547958374	0.5234375	137603	0.29296875	max		256		1	128	False			0.001	8	100	36			mlp	True
285	0.9666491746902466	0.48046875	137603	0.30859375	max		256		1	128	False			0.001	8	100	36			mlp	True
286	0.9243698120117188	0.546875	137603	0.31640625	max		256		1	128	False			0.001	8	100	36			mlp	True
287	0.9237946271896362	0.546875	137603	0.3125	max		256		1	128	False			0.001	8	100	36			mlp	True
288	0.9964133501052856	0.4453125	137603	0.3046875	max		256		1	128	False			0.001	8	100	36			mlp	True
289	0.934459388256073	0.53515625	137603	0.26953125	max		256		1	128	False			0.001	8	100	36			mlp	True
290	0.8816931247711182	0.54296875	137603	0.30078125	max		256		1	128	False			0.001	8	100	36			mlp	True
291	0.8754467964172363	0.54296875	137603	0.28125	max		256		1	128	False			0.001	8	100	36			mlp	True
292	0.9693518280982971	0.51171875	137603	0.296875	max		256		1	128	False			0.001	8	100	36			mlp	True
293	0.9109017848968506	0.515625	137603	0.296875	max		256		1	128	False			0.001	8	100	36			mlp	True
294	0.8452834486961365	0.57421875	137603	0.29296875	max		256		1	128	False			0.001	8	100	36			mlp	True
295	1.025709629058838	0.44921875	137603	0.328125	max		256		1	128	False			0.001	8	100	36			mlp	True
296	0.9922633767127991	0.50390625	137603	0.2890625	max		256		1	128	False			0.001	8	100	36			mlp	True
297	0.9824138879776001	0.4765625	137603	0.3125	max		256		1	128	False			0.001	8	100	36			mlp	True
298	0.9038443565368652	0.5390625	137603	0.3125	max		256		1	128	False			0.001	8	100	36			mlp	True
299	0.9996618628501892	0.4765625	137603	0.2890625	max		256		1	128	False			0.001	8	100	36			mlp	True
300	0.9445069432258606	0.48046875	137603	0.30859375	max		256		1	128	False			0.001	8	100	36			mlp	True
301	0.9344394207000732	0.484375	137603	0.2890625	max		256		1	128	False			0.001	8	100	36			mlp	True
302	0.9558160305023193	0.51171875	137603	0.296875	max		256		1	128	False			0.001	8	100	36			mlp	True
303	0.9097015261650085	0.53125	137603	0.28515625	max		256		1	128	False			0.001	8	100	36			mlp	True
304	0.9780703783035278	0.48828125	137603	0.3046875	max		256		1	128	False			0.001	8	100	36			mlp	True
305	0.882315456867218	0.5390625	137603	0.31640625	max		256		1	128	False			0.001	8	100	36			mlp	True
306	0.8823459148406982	0.5234375	137603	0.30078125	max		256		1	128	False			0.001	8	100	36			mlp	True
307	0.9247677326202393	0.4921875	137603	0.30859375	max		256		1	128	False			0.001	8	100	36			mlp	True
308	0.9100711345672607	0.5546875	137603	0.3125	max		256		1	128	False			0.001	8	100	36			mlp	True
309	0.9400700926780701	0.484375	137603	0.31640625	max		256		1	128	False			0.001	8	100	36			mlp	True
310	0.9710299372673035	0.49609375	137603	0.2734375	max		256		1	128	False			0.001	8	100	36			mlp	True
311	0.9295827746391296	0.4921875	137603	0.28515625	max		256		1	128	False			0.001	8	100	36			mlp	True
312	0.9172403216362	0.51171875	137603	0.31640625	max		256		1	128	False			0.001	8	100	36			mlp	True
313	0.9444811940193176	0.48828125	137603	0.296875	max		256		1	128	False			0.001	8	100	36			mlp	True
314	0.9066210985183716	0.5234375	137603	0.29296875	max		256		1	128	False			0.001	8	100	36			mlp	True
315	0.9269042611122131	0.54296875	137603	0.30859375	max		256		1	128	False			0.001	8	100	36			mlp	True
316	0.9387845993041992	0.46875	137603	0.296875	max		256		1	128	False			0.001	8	100	36			mlp	True
317	0.8956596255302429	0.546875	137603	0.296875	max		256		1	128	False			0.001	8	100	36			mlp	True
318	0.921786367893219	0.45703125	137603	0.31640625	max		256		1	128	False			0.001	8	100	36			mlp	True
319	0.8888475298881531	0.546875	137603	0.30078125	max		256		1	128	False			0.001	8	100	36			mlp	True
320	0.9081847667694092	0.50390625	137603	0.3125	max		256		1	128	False			0.001	8	100	36			mlp	True
321	0.9291363954544067	0.515625	137603	0.32421875	max		256		1	128	False			0.001	8	100	36			mlp	True
322	0.8672484159469604	0.578125	137603	0.28515625	max		256		1	128	False			0.001	8	100	36			mlp	True
323	0.9138019680976868	0.51953125	137603	0.3046875	max		256		1	128	False			0.001	8	100	36			mlp	True
324	0.9476783275604248	0.50390625	137603	0.328125	max		256		1	128	False			0.001	8	100	36			mlp	True
325	0.8991650342941284	0.48046875	137603	0.3125	max		256		1	128	False			0.001	8	100	36			mlp	True
326	0.95830237865448	0.48046875	137603	0.3203125	max		256		1	128	False			0.001	8	100	36			mlp	True
327	0.939399003982544	0.5078125	137603	0.30859375	max		256		1	128	False			0.001	8	100	36			mlp	True
328	0.9038945436477661	0.52734375	137603	0.3203125	max		256		1	128	False			0.001	8	100	36			mlp	True
329	0.8986805081367493	0.52734375	137603	0.27734375	max		256		1	128	False			0.001	8	100	36			mlp	True
330	0.9381698369979858	0.5	137603	0.328125	max		256		1	128	False			0.001	8	100	36			mlp	True
331	0.9089991450309753	0.5078125	137603	0.328125	max		256		1	128	False			0.001	8	100	36			mlp	True
332	0.9026572704315186	0.5	137603	0.3046875	max		256		1	128	False			0.001	8	100	36			mlp	True
333	0.9296464920043945	0.5234375	137603	0.2890625	max		256		1	128	False			0.001	8	100	36			mlp	True
334	0.9450679421424866	0.4765625	137603	0.328125	max		256		1	128	False			0.001	8	100	36			mlp	True
335	0.8815451860427856	0.57421875	137603	0.328125	max		256		1	128	False			0.001	8	100	36			mlp	True
336	0.8872962594032288	0.515625	137603	0.3125	max		256		1	128	False			0.001	8	100	36			mlp	True
337	0.9448484182357788	0.53125	137603	0.3203125	max		256		1	128	False			0.001	8	100	36			mlp	True
338	0.9239118099212646	0.51953125	137603	0.30859375	max		256		1	128	False			0.001	8	100	36			mlp	True
339	0.8630484938621521	0.5859375	137603	0.30859375	max		256		1	128	False			0.001	8	100	36			mlp	True
340	0.8856062889099121	0.5234375	137603	0.328125	max		256		1	128	False			0.001	8	100	36			mlp	True
341	0.8651577830314636	0.5546875	137603	0.26953125	max		256		1	128	False			0.001	8	100	36			mlp	True
342	0.9083908200263977	0.51953125	137603	0.28515625	max		256		1	128	False			0.001	8	100	36			mlp	True
343	0.8819071054458618	0.5703125	137603	0.28515625	max		256		1	128	False			0.001	8	100	36			mlp	True
344	1.0062000751495361	0.49609375	137603	0.296875	max		256		1	128	False			0.001	8	100	36			mlp	True
345	0.9049369096755981	0.52734375	137603	0.30859375	max		256		1	128	False			0.001	8	100	36			mlp	True
346	0.9260936975479126	0.515625	137603	0.2890625	max		256		1	128	False			0.001	8	100	36			mlp	True
347	0.9930291175842285	0.4609375	137603	0.29296875	max		256		1	128	False			0.001	8	100	36			mlp	True
348	0.9023959040641785	0.49609375	137603	0.32421875	max		256		1	128	False			0.001	8	100	36			mlp	True
349	0.8812503218650818	0.54296875	137603	0.2890625	max		256		1	128	False			0.001	8	100	36			mlp	True
350	0.8872169256210327	0.53125	137603	0.29296875	max		256		1	128	False			0.001	8	100	36			mlp	True
351	0.9234986305236816	0.5078125	137603	0.3046875	max		256		1	128	False			0.001	8	100	36			mlp	True
352	0.9346647262573242	0.5234375	137603	0.3203125	max		256		1	128	False			0.001	8	100	36			mlp	True
353	0.9261893630027771	0.49609375	137603	0.28515625	max		256		1	128	False			0.001	8	100	36			mlp	True
354	0.9420375823974609	0.5	137603	0.31640625	max		256		1	128	False			0.001	8	100	36			mlp	True
355	0.9552373290061951	0.5	137603	0.3125	max		256		1	128	False			0.001	8	100	36			mlp	True
356	0.9168440103530884	0.51953125	137603	0.28125	max		256		1	128	False			0.001	8	100	36			mlp	True
357	0.9060513377189636	0.546875	137603	0.30859375	max		256		1	128	False			0.001	8	100	36			mlp	True
358	0.9611026048660278	0.49609375	137603	0.30078125	max		256		1	128	False			0.001	8	100	36			mlp	True
359	0.9415243864059448	0.52734375	137603	0.28515625	max		256		1	128	False			0.001	8	100	36			mlp	True
360	0.8570248484611511	0.57421875	137603	0.30078125	max		256		1	128	False			0.001	8	100	36			mlp	True
361	0.9269887208938599	0.5234375	137603	0.29296875	max		256		1	128	False			0.001	8	100	36			mlp	True
362	0.9226447343826294	0.5390625	137603	0.30078125	max		256		1	128	False			0.001	8	100	36			mlp	True
363	0.9264739155769348	0.55859375	137603	0.31640625	max		256		1	128	False			0.001	8	100	36			mlp	True
364	0.8953133225440979	0.54296875	137603	0.296875	max		256		1	128	False			0.001	8	100	36			mlp	True
365	0.8895264267921448	0.55078125	137603	0.328125	max		256		1	128	False			0.001	8	100	36			mlp	True
366	0.880123496055603	0.59375	137603	0.29296875	max		256		1	128	False			0.001	8	100	36			mlp	True
367	0.9267445206642151	0.51171875	137603	0.31640625	max		256		1	128	False			0.001	8	100	36			mlp	True
368	0.9341967105865479	0.5234375	137603	0.30078125	max		256		1	128	False			0.001	8	100	36			mlp	True
369	0.8419520258903503	0.578125	137603	0.265625	max		256		1	128	False			0.001	8	100	36			mlp	True
370	0.9446796178817749	0.52734375	137603	0.296875	max		256		1	128	False			0.001	8	100	36			mlp	True
371	0.8776825070381165	0.546875	137603	0.26953125	max		256		1	128	False			0.001	8	100	36			mlp	True
372	0.8946678042411804	0.52734375	137603	0.30859375	max		256		1	128	False			0.001	8	100	36			mlp	True
373	0.9587041735649109	0.4765625	137603	0.3046875	max		256		1	128	False			0.001	8	100	36			mlp	True
374	0.8585300445556641	0.5859375	137603	0.3046875	max		256		1	128	False			0.001	8	100	36			mlp	True
375	0.8510687351226807	0.56640625	137603	0.30859375	max		256		1	128	False			0.001	8	100	36			mlp	True
376	0.8772958517074585	0.578125	137603	0.30078125	max		256		1	128	False			0.001	8	100	36			mlp	True
377	0.9445753693580627	0.53125	137603	0.30078125	max		256		1	128	False			0.001	8	100	36			mlp	True
378	0.8733516931533813	0.59765625	137603	0.30078125	max		256		1	128	False			0.001	8	100	36			mlp	True
379	0.9611168503761292	0.5546875	137603	0.31640625	max		256		1	128	False			0.001	8	100	36			mlp	True
380	0.9530642628669739	0.44140625	137603	0.25	max		256		1	128	False			0.001	8	100	36			mlp	True
381	0.9346319437026978	0.45703125	137603	0.3125	max		256		1	128	False			0.001	8	100	36			mlp	True
382	0.9121884107589722	0.49609375	137603	0.30078125	max		256		1	128	False			0.001	8	100	36			mlp	True
383	0.920682430267334	0.55859375	137603	0.27734375	max		256		1	128	False			0.001	8	100	36			mlp	True
384	0.871491014957428	0.51171875	137603	0.296875	max		256		1	128	False			0.001	8	100	36			mlp	True
385	0.8703691363334656	0.5234375	137603	0.3203125	max		256		1	128	False			0.001	8	100	36			mlp	True
386	0.8417421579360962	0.5625	137603	0.27734375	max		256		1	128	False			0.001	8	100	36			mlp	True
387	0.9649789929389954	0.4921875	137603	0.32421875	max		256		1	128	False			0.001	8	100	36			mlp	True
388	0.8959378600120544	0.5625	137603	0.3125	max		256		1	128	False			0.001	8	100	36			mlp	True
389	0.8504254817962646	0.57421875	137603	0.28515625	max		256		1	128	False			0.001	8	100	36			mlp	True
390	0.9236727952957153	0.51171875	137603	0.30078125	max		256		1	128	False			0.001	8	100	36			mlp	True
391	0.8752650618553162	0.5546875	137603	0.3203125	max		256		1	128	False			0.001	8	100	36			mlp	True
392	0.8886014223098755	0.5390625	137603	0.30859375	max		256		1	128	False			0.001	8	100	36			mlp	True
393	0.8447209000587463	0.5859375	137603	0.33203125	max		256		1	128	False			0.001	8	100	36			mlp	True
394	0.921345591545105	0.53125	137603	0.3125	max		256		1	128	False			0.001	8	100	36			mlp	True
395	0.863203227519989	0.57421875	137603	0.25390625	max		256		1	128	False			0.001	8	100	36			mlp	True
396	0.9051944017410278	0.5625	137603	0.28515625	max		256		1	128	False			0.001	8	100	36			mlp	True
397	0.9402233958244324	0.50390625	137603	0.3203125	max		256		1	128	False			0.001	8	100	36			mlp	True
398	0.8961542248725891	0.52734375	137603	0.30078125	max		256		1	128	False			0.001	8	100	36			mlp	True
399	0.9037902355194092	0.54296875	137603	0.26953125	max		256		1	128	False			0.001	8	100	36			mlp	True
400	0.9055377244949341	0.515625	137603	0.28515625	max		256		1	128	False			0.001	8	100	36			mlp	True
401	0.8975610136985779	0.53515625	137603	0.31640625	max		256		1	128	False			0.001	8	100	36			mlp	True
402	0.8631079196929932	0.5546875	137603	0.328125	max		256		1	128	False			0.001	8	100	36			mlp	True
403	0.9043288826942444	0.54296875	137603	0.31640625	max		256		1	128	False			0.001	8	100	36			mlp	True
404	0.9247278571128845	0.49609375	137603	0.28515625	max		256		1	128	False			0.001	8	100	36			mlp	True
405	0.9049296379089355	0.50390625	137603	0.31640625	max		256		1	128	False			0.001	8	100	36			mlp	True
406	0.9409675002098083	0.51171875	137603	0.32421875	max		256		1	128	False			0.001	8	100	36			mlp	True
407	0.9227262139320374	0.51171875	137603	0.32421875	max		256		1	128	False			0.001	8	100	36			mlp	True
408	0.8718329071998596	0.51171875	137603	0.296875	max		256		1	128	False			0.001	8	100	36			mlp	True
409	0.8363426923751831	0.55859375	137603	0.30859375	max		256		1	128	False			0.001	8	100	36			mlp	True
410	0.8599313497543335	0.57421875	137603	0.28515625	max		256		1	128	False			0.001	8	100	36			mlp	True
411	0.849753737449646	0.5625	137603	0.32421875	max		256		1	128	False			0.001	8	100	36			mlp	True
412	0.8784924745559692	0.4921875	137603	0.32421875	max		256		1	128	False			0.001	8	100	36			mlp	True
413	0.8730487823486328	0.58984375	137603	0.30859375	max		256		1	128	False			0.001	8	100	36			mlp	True
414	0.8437817692756653	0.578125	137603	0.3125	max		256		1	128	False			0.001	8	100	36			mlp	True
415	0.8564789295196533	0.57421875	137603	0.32421875	max		256		1	128	False			0.001	8	100	36			mlp	True
416	0.8618232011795044	0.53515625	137603	0.31640625	max		256		1	128	False			0.001	8	100	36			mlp	True
417	0.9577995538711548	0.4609375	137603	0.2734375	max		256		1	128	False			0.001	8	100	36			mlp	True
418	0.9679121375083923	0.5	137603	0.30078125	max		256		1	128	False			0.001	8	100	36			mlp	True
419	0.8879427909851074	0.5078125	137603	0.296875	max		256		1	128	False			0.001	8	100	36			mlp	True
420	0.9043335318565369	0.51953125	137603	0.31640625	max		256		1	128	False			0.001	8	100	36			mlp	True
421	0.862636387348175	0.59765625	137603	0.328125	max		256		1	128	False			0.001	8	100	36			mlp	True
422	0.8902498483657837	0.54296875	137603	0.31640625	max		256		1	128	False			0.001	8	100	36			mlp	True
423	0.9354310035705566	0.46875	137603	0.328125	max		256		1	128	False			0.001	8	100	36			mlp	True
424	0.9350635409355164	0.51953125	137603	0.3203125	max		256		1	128	False			0.001	8	100	36			mlp	True
425	0.8798028826713562	0.48046875	137603	0.32421875	max		256		1	128	False			0.001	8	100	36			mlp	True
426	0.9504353404045105	0.50390625	137603	0.28125	max		256		1	128	False			0.001	8	100	36			mlp	True
427	0.9105989933013916	0.515625	137603	0.30078125	max		256		1	128	False			0.001	8	100	36			mlp	True
428	0.8986418843269348	0.53125	137603	0.32421875	max		256		1	128	False			0.001	8	100	36			mlp	True
429	0.9046792984008789	0.515625	137603	0.296875	max		256		1	128	False			0.001	8	100	36			mlp	True
430	0.9382038712501526	0.51171875	137603	0.32421875	max		256		1	128	False			0.001	8	100	36			mlp	True
431	0.9235033988952637	0.51171875	137603	0.3046875	max		256		1	128	False			0.001	8	100	36			mlp	True
432	0.8694524765014648	0.53125	137603	0.3125	max		256		1	128	False			0.001	8	100	36			mlp	True
433	0.8981983661651611	0.5390625	137603	0.28515625	max		256		1	128	False			0.001	8	100	36			mlp	True
434	0.9574334621429443	0.5390625	137603	0.3125	max		256		1	128	False			0.001	8	100	36			mlp	True
435	0.9203298687934875	0.515625	137603	0.296875	max		256		1	128	False			0.001	8	100	36			mlp	True
436	0.8621475696563721	0.5703125	137603	0.3046875	max		256		1	128	False			0.001	8	100	36			mlp	True
437	0.8952803611755371	0.53515625	137603	0.31640625	max		256		1	128	False			0.001	8	100	36			mlp	True
438	0.864166796207428	0.55859375	137603	0.2578125	max		256		1	128	False			0.001	8	100	36			mlp	True
439	0.8668048977851868	0.546875	137603	0.2734375	max		256		1	128	False			0.001	8	100	36			mlp	True
440	0.8453564643859863	0.55859375	137603	0.3203125	max		256		1	128	False			0.001	8	100	36			mlp	True
441	0.9187990427017212	0.53125	137603	0.3125	max		256		1	128	False			0.001	8	100	36			mlp	True
442	0.8650860786437988	0.56640625	137603	0.30078125	max		256		1	128	False			0.001	8	100	36			mlp	True
443	0.9446181058883667	0.515625	137603	0.2890625	max		256		1	128	False			0.001	8	100	36			mlp	True
444	0.8559263348579407	0.5859375	137603	0.28515625	max		256		1	128	False			0.001	8	100	36			mlp	True
445	0.8681298494338989	0.55078125	137603	0.32421875	max		256		1	128	False			0.001	8	100	36			mlp	True
446	0.9237567186355591	0.51171875	137603	0.29296875	max		256		1	128	False			0.001	8	100	36			mlp	True
447	0.9254587888717651	0.51171875	137603	0.28125	max		256		1	128	False			0.001	8	100	36			mlp	True
448	0.9198294281959534	0.4609375	137603	0.296875	max		256		1	128	False			0.001	8	100	36			mlp	True
449	0.912950873374939	0.5234375	137603	0.28125	max		256		1	128	False			0.001	8	100	36			mlp	True
450	0.9352012872695923	0.51953125	137603	0.2890625	max		256		1	128	False			0.001	8	100	36			mlp	True
451	0.8790015578269958	0.5859375	137603	0.28125	max		256		1	128	False			0.001	8	100	36			mlp	True
452	0.938552975654602	0.484375	137603	0.30078125	max		256		1	128	False			0.001	8	100	36			mlp	True
453	0.8833857178688049	0.45703125	137603	0.31640625	max		256		1	128	False			0.001	8	100	36			mlp	True
454	0.9449104070663452	0.4921875	137603	0.30859375	max		256		1	128	False			0.001	8	100	36			mlp	True
455	0.8630174398422241	0.5625	137603	0.27734375	max		256		1	128	False			0.001	8	100	36			mlp	True
456	0.8977105617523193	0.546875	137603	0.2890625	max		256		1	128	False			0.001	8	100	36			mlp	True
457	0.8684237003326416	0.515625	137603	0.296875	max		256		1	128	False			0.001	8	100	36			mlp	True
458	0.9452928900718689	0.5078125	137603	0.30078125	max		256		1	128	False			0.001	8	100	36			mlp	True
459	0.8316699266433716	0.5703125	137603	0.3125	max		256		1	128	False			0.001	8	100	36			mlp	True
460	0.8668181300163269	0.5703125	137603	0.29296875	max		256		1	128	False			0.001	8	100	36			mlp	True
461	0.9349841475486755	0.5	137603	0.3125	max		256		1	128	False			0.001	8	100	36			mlp	True
462	0.9057909250259399	0.5390625	137603	0.32421875	max		256		1	128	False			0.001	8	100	36			mlp	True
463	0.9344963431358337	0.50390625	137603	0.3125	max		256		1	128	False			0.001	8	100	36			mlp	True
464	0.867774248123169	0.578125	137603	0.31640625	max		256		1	128	False			0.001	8	100	36			mlp	True
465	0.8496434092521667	0.640625	137603	0.31640625	max		256		1	128	False			0.001	8	100	36			mlp	True
466	0.8782838582992554	0.5703125	137603	0.26953125	max		256		1	128	False			0.001	8	100	36			mlp	True
467	0.9037559032440186	0.52734375	137603	0.296875	max		256		1	128	False			0.001	8	100	36			mlp	True
468	0.9160255193710327	0.5546875	137603	0.29296875	max		256		1	128	False			0.001	8	100	36			mlp	True
469	0.889021635055542	0.54296875	137603	0.27734375	max		256		1	128	False			0.001	8	100	36			mlp	True
470	0.8733342885971069	0.60546875	137603	0.28515625	max		256		1	128	False			0.001	8	100	36			mlp	True
471	0.9038956761360168	0.52734375	137603	0.328125	max		256		1	128	False			0.001	8	100	36			mlp	True
472	0.9103827476501465	0.52734375	137603	0.3125	max		256		1	128	False			0.001	8	100	36			mlp	True
473	0.8621440529823303	0.56640625	137603	0.31640625	max		256		1	128	False			0.001	8	100	36			mlp	True
474	0.8774333000183105	0.55859375	137603	0.3203125	max		256		1	128	False			0.001	8	100	36			mlp	True
475	0.9209514260292053	0.51953125	137603	0.29296875	max		256		1	128	False			0.001	8	100	36			mlp	True
476	0.8496300578117371	0.56640625	137603	0.2890625	max		256		1	128	False			0.001	8	100	36			mlp	True
477	0.872493326663971	0.55078125	137603	0.30078125	max		256		1	128	False			0.001	8	100	36			mlp	True
478	0.8665971755981445	0.53515625	137603	0.328125	max		256		1	128	False			0.001	8	100	36			mlp	True
479	0.8868383765220642	0.56640625	137603	0.33203125	max		256		1	128	False			0.001	8	100	36			mlp	True
480	0.9600275754928589	0.44140625	137603	0.2890625	max		256		1	128	False			0.001	8	100	36			mlp	True
481	0.860876202583313	0.59375	137603	0.30078125	max		256		1	128	False			0.001	8	100	36			mlp	True
482	0.9177865386009216	0.5703125	137603	0.3125	max		256		1	128	False			0.001	8	100	36			mlp	True
483	0.8976765275001526	0.51171875	137603	0.32421875	max		256		1	128	False			0.001	8	100	36			mlp	True
484	0.8637492060661316	0.5703125	137603	0.30078125	max		256		1	128	False			0.001	8	100	36			mlp	True
485	0.9269871115684509	0.48828125	137603	0.296875	max		256		1	128	False			0.001	8	100	36			mlp	True
486	0.8596011400222778	0.51171875	137603	0.29296875	max		256		1	128	False			0.001	8	100	36			mlp	True
487	0.8781054019927979	0.52734375	137603	0.3125	max		256		1	128	False			0.001	8	100	36			mlp	True
488	0.8536219000816345	0.53515625	137603	0.3125	max		256		1	128	False			0.001	8	100	36			mlp	True
489	0.929098904132843	0.51171875	137603	0.27734375	max		256		1	128	False			0.001	8	100	36			mlp	True
490	0.9391927123069763	0.5	137603	0.3125	max		256		1	128	False			0.001	8	100	36			mlp	True
491	0.934084951877594	0.46875	137603	0.27734375	max		256		1	128	False			0.001	8	100	36			mlp	True
492	0.8644024729728699	0.5625	137603	0.3046875	max		256		1	128	False			0.001	8	100	36			mlp	True
493	0.9004061222076416	0.52734375	137603	0.28515625	max		256		1	128	False			0.001	8	100	36			mlp	True
494	0.9078574180603027	0.50390625	137603	0.31640625	max		256		1	128	False			0.001	8	100	36			mlp	True
495	0.8998540639877319	0.5078125	137603	0.28515625	max		256		1	128	False			0.001	8	100	36			mlp	True
496	0.8697155117988586	0.515625	137603	0.27734375	max		256		1	128	False			0.001	8	100	36			mlp	True
497	0.9055871367454529	0.56640625	137603	0.3046875	max		256		1	128	False			0.001	8	100	36			mlp	True
498	0.8832293152809143	0.5703125	137603	0.28515625	max		256		1	128	False			0.001	8	100	36			mlp	True
499	0.9165706634521484	0.48828125	137603	0.27734375	max		256		1	128	False			0.001	8	100	36			mlp	True
500	0.9537836313247681	0.453125	137603	0.27734375	max		256		1	128	False			0.001	8	100	36			mlp	True
501	0.9377704858779907	0.5390625	137603	0.2890625	max		256		1	128	False			0.001	8	100	36			mlp	True
502	0.8820698261260986	0.515625	137603	0.30078125	max		256		1	128	False			0.001	8	100	36			mlp	True
503	0.8663996458053589	0.578125	137603	0.3046875	max		256		1	128	False			0.001	8	100	36			mlp	True
504	0.8198692798614502	0.6015625	137603	0.3046875	max		256		1	128	False			0.001	8	100	36			mlp	True
505	0.9009102582931519	0.53515625	137603	0.296875	max		256		1	128	False			0.001	8	100	36			mlp	True
506	0.8580379486083984	0.52734375	137603	0.29296875	max		256		1	128	False			0.001	8	100	36			mlp	True
507	0.878760576248169	0.5078125	137603	0.3125	max		256		1	128	False			0.001	8	100	36			mlp	True
508	0.8845859169960022	0.546875	137603	0.296875	max		256		1	128	False			0.001	8	100	36			mlp	True
509	0.794468104839325	0.59375	137603	0.27734375	max		256		1	128	False			0.001	8	100	36			mlp	True
510	0.9332790970802307	0.51171875	137603	0.27734375	max		256		1	128	False			0.001	8	100	36			mlp	True
511	0.8264104127883911	0.625	137603	0.28515625	max		256		1	128	False			0.001	8	100	36			mlp	True
512	0.9112469553947449	0.515625	137603	0.30078125	max		256		1	128	False			0.001	8	100	36			mlp	True
513	0.8231328725814819	0.56640625	137603	0.3125	max		256		1	128	False			0.001	8	100	36			mlp	True
514	0.8932751417160034	0.5390625	137603	0.3125	max		256		1	128	False			0.001	8	100	36			mlp	True
515	0.9341130256652832	0.50390625	137603	0.31640625	max		256		1	128	False			0.001	8	100	36			mlp	True
516	0.8974480628967285	0.51953125	137603	0.328125	max		256		1	128	False			0.001	8	100	36			mlp	True
517	0.9136672616004944	0.51953125	137603	0.296875	max		256		1	128	False			0.001	8	100	36			mlp	True
518	0.8914438486099243	0.51171875	137603	0.28125	max		256		1	128	False			0.001	8	100	36			mlp	True
519	0.8803505897521973	0.5078125	137603	0.30859375	max		256		1	128	False			0.001	8	100	36			mlp	True
520	0.905110239982605	0.55078125	137603	0.28125	max		256		1	128	False			0.001	8	100	36			mlp	True
521	0.8759260773658752	0.49609375	137603	0.30859375	max		256		1	128	False			0.001	8	100	36			mlp	True
522	0.9014363884925842	0.48046875	137603	0.30859375	max		256		1	128	False			0.001	8	100	36			mlp	True
523	0.8832250833511353	0.59765625	137603	0.2890625	max		256		1	128	False			0.001	8	100	36			mlp	True
524	0.8836640119552612	0.5	137603	0.3125	max		256		1	128	False			0.001	8	100	36			mlp	True
525	0.8814259767532349	0.60546875	137603	0.30078125	max		256		1	128	False			0.001	8	100	36			mlp	True
526	0.8820234537124634	0.54296875	137603	0.22265625	max		256		1	128	False			0.001	8	100	36			mlp	True
527	0.9128240942955017	0.54296875	137603	0.3125	max		256		1	128	False			0.001	8	100	36			mlp	True
528	0.9577594995498657	0.48828125	137603	0.3046875	max		256		1	128	False			0.001	8	100	36			mlp	True
529	0.9412099719047546	0.484375	137603	0.27734375	max		256		1	128	False			0.001	8	100	36			mlp	True
530	0.8753796219825745	0.546875	137603	0.3125	max		256		1	128	False			0.001	8	100	36			mlp	True
531	0.885913610458374	0.6015625	137603	0.3046875	max		256		1	128	False			0.001	8	100	36			mlp	True
532	0.9141982197761536	0.5078125	137603	0.31640625	max		256		1	128	False			0.001	8	100	36			mlp	True
533	0.8990646004676819	0.5390625	137603	0.26953125	max		256		1	128	False			0.001	8	100	36			mlp	True
534	0.9512819051742554	0.53515625	137603	0.24609375	max		256		1	128	False			0.001	8	100	36			mlp	True
535	0.8814637064933777	0.5390625	137603	0.29296875	max		256		1	128	False			0.001	8	100	36			mlp	True
536	0.9260756969451904	0.5390625	137603	0.328125	max		256		1	128	False			0.001	8	100	36			mlp	True
537	0.8886909484863281	0.5390625	137603	0.30859375	max		256		1	128	False			0.001	8	100	36			mlp	True
538	0.850024938583374	0.578125	137603	0.3046875	max		256		1	128	False			0.001	8	100	36			mlp	True
539	0.8856027126312256	0.52734375	137603	0.3125	max		256		1	128	False			0.001	8	100	36			mlp	True
540	0.87569260597229	0.56640625	137603	0.3046875	max		256		1	128	False			0.001	8	100	36			mlp	True
541	0.9643364548683167	0.53125	137603	0.31640625	max		256		1	128	False			0.001	8	100	36			mlp	True
542	0.9166455268859863	0.5234375	137603	0.29296875	max		256		1	128	False			0.001	8	100	36			mlp	True
543	0.8718218207359314	0.55859375	137603	0.31640625	max		256		1	128	False			0.001	8	100	36			mlp	True
544	0.8318709135055542	0.55859375	137603	0.30078125	max		256		1	128	False			0.001	8	100	36			mlp	True
545	0.8968906998634338	0.53515625	137603	0.28515625	max		256		1	128	False			0.001	8	100	36			mlp	True
546	0.9052715301513672	0.57421875	137603	0.296875	max		256		1	128	False			0.001	8	100	36			mlp	True
547	0.8617967367172241	0.54296875	137603	0.3203125	max		256		1	128	False			0.001	8	100	36			mlp	True
548	0.9138581156730652	0.45703125	137603	0.31640625	max		256		1	128	False			0.001	8	100	36			mlp	True
549	0.8766239285469055	0.55078125	137603	0.28125	max		256		1	128	False			0.001	8	100	36			mlp	True
550	0.9043675065040588	0.57421875	137603	0.3125	max		256		1	128	False			0.001	8	100	36			mlp	True
551	0.8586164116859436	0.546875	137603	0.29296875	max		256		1	128	False			0.001	8	100	36			mlp	True
552	0.8940163850784302	0.55859375	137603	0.3203125	max		256		1	128	False			0.001	8	100	36			mlp	True
553	0.8900126218795776	0.54296875	137603	0.3046875	max		256		1	128	False			0.001	8	100	36			mlp	True
554	0.8771824836730957	0.54296875	137603	0.29296875	max		256		1	128	False			0.001	8	100	36			mlp	True
555	0.9202746152877808	0.5078125	137603	0.32421875	max		256		1	128	False			0.001	8	100	36			mlp	True
556	0.885076642036438	0.55859375	137603	0.30078125	max		256		1	128	False			0.001	8	100	36			mlp	True
557	0.8700137734413147	0.546875	137603	0.3203125	max		256		1	128	False			0.001	8	100	36			mlp	True
558	0.8722438812255859	0.54296875	137603	0.30859375	max		256		1	128	False			0.001	8	100	36			mlp	True
559	0.8613853454589844	0.55859375	137603	0.26953125	max		256		1	128	False			0.001	8	100	36			mlp	True
560	0.8967969417572021	0.55078125	137603	0.2890625	max		256		1	128	False			0.001	8	100	36			mlp	True
561	0.8540505766868591	0.5859375	137603	0.30859375	max		256		1	128	False			0.001	8	100	36			mlp	True
562	1.0054723024368286	0.4609375	137603	0.3046875	max		256		1	128	False			0.001	8	100	36			mlp	True
563	0.8070159554481506	0.609375	137603	0.30859375	max		256		1	128	False			0.001	8	100	36			mlp	True
564	0.9179162383079529	0.51171875	137603	0.30859375	max		256		1	128	False			0.001	8	100	36			mlp	True
565	0.871863842010498	0.53125	137603	0.30078125	max		256		1	128	False			0.001	8	100	36			mlp	True
566	0.8412149548530579	0.5703125	137603	0.3125	max		256		1	128	False			0.001	8	100	36			mlp	True
567	0.8648892045021057	0.54296875	137603	0.3046875	max		256		1	128	False			0.001	8	100	36			mlp	True
568	0.8770524859428406	0.53125	137603	0.30078125	max		256		1	128	False			0.001	8	100	36			mlp	True
569	0.8989957571029663	0.5234375	137603	0.30859375	max		256		1	128	False			0.001	8	100	36			mlp	True
570	0.8496293425559998	0.546875	137603	0.28515625	max		256		1	128	False			0.001	8	100	36			mlp	True
571	0.8457908034324646	0.5625	137603	0.30859375	max		256		1	128	False			0.001	8	100	36			mlp	True
572	0.8898065686225891	0.53515625	137603	0.30078125	max		256		1	128	False			0.001	8	100	36			mlp	True
573	0.9147151708602905	0.53515625	137603	0.29296875	max		256		1	128	False			0.001	8	100	36			mlp	True
574	0.8699299693107605	0.5078125	137603	0.296875	max		256		1	128	False			0.001	8	100	36			mlp	True
575	0.8523818254470825	0.578125	137603	0.30078125	max		256		1	128	False			0.001	8	100	36			mlp	True
576	0.8376248478889465	0.56640625	137603	0.3203125	max		256		1	128	False			0.001	8	100	36			mlp	True
577	0.8943520784378052	0.5703125	137603	0.30078125	max		256		1	128	False			0.001	8	100	36			mlp	True
578	0.8769325017929077	0.54296875	137603	0.3046875	max		256		1	128	False			0.001	8	100	36			mlp	True
579	0.8923728466033936	0.52734375	137603	0.29296875	max		256		1	128	False			0.001	8	100	36			mlp	True
580	0.8963581323623657	0.51953125	137603	0.33203125	max		256		1	128	False			0.001	8	100	36			mlp	True
581	0.9059416651725769	0.56640625	137603	0.3125	max		256		1	128	False			0.001	8	100	36			mlp	True
582	0.8979816436767578	0.5078125	137603	0.30859375	max		256		1	128	False			0.001	8	100	36			mlp	True
583	0.8985973596572876	0.5234375	137603	0.30859375	max		256		1	128	False			0.001	8	100	36			mlp	True
584	0.8803175687789917	0.58203125	137603	0.33203125	max		256		1	128	False			0.001	8	100	36			mlp	True
585	0.958437442779541	0.48046875	137603	0.3203125	max		256		1	128	False			0.001	8	100	36			mlp	True
586	0.8887887001037598	0.5078125	137603	0.3046875	max		256		1	128	False			0.001	8	100	36			mlp	True
587	0.8631811738014221	0.578125	137603	0.328125	max		256		1	128	False			0.001	8	100	36			mlp	True
588	0.913507342338562	0.546875	137603	0.31640625	max		256		1	128	False			0.001	8	100	36			mlp	True
589	0.8214098811149597	0.55859375	137603	0.26171875	max		256		1	128	False			0.001	8	100	36			mlp	True
590	0.8223082423210144	0.578125	137603	0.2890625	max		256		1	128	False			0.001	8	100	36			mlp	True
591	0.8297761082649231	0.58203125	137603	0.296875	max		256		1	128	False			0.001	8	100	36			mlp	True
592	0.8849979639053345	0.5	137603	0.296875	max		256		1	128	False			0.001	8	100	36			mlp	True
593	0.9179137945175171	0.5	137603	0.30078125	max		256		1	128	False			0.001	8	100	36			mlp	True
594	0.8810891509056091	0.5390625	137603	0.30078125	max		256		1	128	False			0.001	8	100	36			mlp	True
595	0.9069312810897827	0.50390625	137603	0.3203125	max		256		1	128	False			0.001	8	100	36			mlp	True
596	0.8506155610084534	0.546875	137603	0.31640625	max		256		1	128	False			0.001	8	100	36			mlp	True
597	0.8250070810317993	0.578125	137603	0.2421875	max		256		1	128	False			0.001	8	100	36			mlp	True
598	0.9179582595825195	0.5	137603	0.3125	max		256		1	128	False			0.001	8	100	36			mlp	True
599	0.832248866558075	0.57421875	137603	0.28515625	max		256		1	128	False			0.001	8	100	36			mlp	True
600	0.8637148141860962	0.515625	137603	0.3125	max		256		1	128	False			0.001	8	100	36			mlp	True
601	0.8591059446334839	0.55859375	137603	0.3046875	max		256		1	128	False			0.001	8	100	36			mlp	True
602	0.880574107170105	0.546875	137603	0.32421875	max		256		1	128	False			0.001	8	100	36			mlp	True
603	0.8674439191818237	0.5625	137603	0.2890625	max		256		1	128	False			0.001	8	100	36			mlp	True
604	0.8772685527801514	0.55078125	137603	0.31640625	max		256		1	128	False			0.001	8	100	36			mlp	True
605	0.9171381592750549	0.515625	137603	0.296875	max		256		1	128	False			0.001	8	100	36			mlp	True
606	0.8542474508285522	0.58984375	137603	0.3046875	max		256		1	128	False			0.001	8	100	36			mlp	True
607	0.9159225225448608	0.515625	137603	0.3046875	max		256		1	128	False			0.001	8	100	36			mlp	True
608	0.8316206336021423	0.5859375	137603	0.3046875	max		256		1	128	False			0.001	8	100	36			mlp	True
609	0.8582019805908203	0.59765625	137603	0.30078125	max		256		1	128	False			0.001	8	100	36			mlp	True
610	0.8280310034751892	0.5625	137603	0.2890625	max		256		1	128	False			0.001	8	100	36			mlp	True
611	0.969978392124176	0.5	137603	0.30078125	max		256		1	128	False			0.001	8	100	36			mlp	True
612	0.9279736876487732	0.515625	137603	0.2890625	max		256		1	128	False			0.001	8	100	36			mlp	True
613	0.8899027109146118	0.52734375	137603	0.28515625	max		256		1	128	False			0.001	8	100	36			mlp	True
614	0.887830913066864	0.5546875	137603	0.2890625	max		256		1	128	False			0.001	8	100	36			mlp	True
615	0.9032402634620667	0.5078125	137603	0.29296875	max		256		1	128	False			0.001	8	100	36			mlp	True
616	0.8496736288070679	0.58203125	137603	0.296875	max		256		1	128	False			0.001	8	100	36			mlp	True
617	0.9165751934051514	0.51171875	137603	0.32421875	max		256		1	128	False			0.001	8	100	36			mlp	True
618	0.9119949340820312	0.51171875	137603	0.3203125	max		256		1	128	False			0.001	8	100	36			mlp	True
619	0.9039301872253418	0.5078125	137603	0.3203125	max		256		1	128	False			0.001	8	100	36			mlp	True
620	0.8846020698547363	0.5390625	137603	0.27734375	max		256		1	128	False			0.001	8	100	36			mlp	True
621	0.923487663269043	0.5703125	137603	0.3203125	max		256		1	128	False			0.001	8	100	36			mlp	True
622	0.9519314765930176	0.51171875	137603	0.32421875	max		256		1	128	False			0.001	8	100	36			mlp	True
623	0.9037230014801025	0.5390625	137603	0.3203125	max		256		1	128	False			0.001	8	100	36			mlp	True
624	0.8738275766372681	0.515625	137603	0.3046875	max		256		1	128	False			0.001	8	100	36			mlp	True
625	0.962493360042572	0.48046875	137603	0.2890625	max		256		1	128	False			0.001	8	100	36			mlp	True
626	0.9133400917053223	0.49609375	137603	0.2890625	max		256		1	128	False			0.001	8	100	36			mlp	True
627	0.9374009370803833	0.4921875	137603	0.3203125	max		256		1	128	False			0.001	8	100	36			mlp	True
628	0.8708842396736145	0.5546875	137603	0.3125	max		256		1	128	False			0.001	8	100	36			mlp	True
629	0.8798955082893372	0.5625	137603	0.31640625	max		256		1	128	False			0.001	8	100	36			mlp	True
630	0.8541001081466675	0.60546875	137603	0.3125	max		256		1	128	False			0.001	8	100	36			mlp	True
631	0.8699560165405273	0.54296875	137603	0.328125	max		256		1	128	False			0.001	8	100	36			mlp	True
632	0.8678799867630005	0.5078125	137603	0.3203125	max		256		1	128	False			0.001	8	100	36			mlp	True
633	0.9026408195495605	0.53515625	137603	0.3125	max		256		1	128	False			0.001	8	100	36			mlp	True
634	0.8896755576133728	0.52734375	137603	0.29296875	max		256		1	128	False			0.001	8	100	36			mlp	True
635	0.8497424721717834	0.55078125	137603	0.30859375	max		256		1	128	False			0.001	8	100	36			mlp	True
636	0.8696534037590027	0.546875	137603	0.30859375	max		256		1	128	False			0.001	8	100	36			mlp	True
637	0.8621475696563721	0.546875	137603	0.30078125	max		256		1	128	False			0.001	8	100	36			mlp	True
638	0.8430843353271484	0.5703125	137603	0.3125	max		256		1	128	False			0.001	8	100	36			mlp	True
639	0.8967750668525696	0.51953125	137603	0.2890625	max		256		1	128	False			0.001	8	100	36			mlp	True
640	0.8729615211486816	0.546875	137603	0.31640625	max		256		1	128	False			0.001	8	100	36			mlp	True
641	0.8492280840873718	0.5625	137603	0.28515625	max		256		1	128	False			0.001	8	100	36			mlp	True
642	0.9008267521858215	0.546875	137603	0.296875	max		256		1	128	False			0.001	8	100	36			mlp	True
643	0.9041499495506287	0.52734375	137603	0.30078125	max		256		1	128	False			0.001	8	100	36			mlp	True
644	0.8729236721992493	0.55078125	137603	0.2890625	max		256		1	128	False			0.001	8	100	36			mlp	True
645	0.8722290396690369	0.5546875	137603	0.28125	max		256		1	128	False			0.001	8	100	36			mlp	True
646	0.9390160441398621	0.50390625	137603	0.28125	max		256		1	128	False			0.001	8	100	36			mlp	True
647	0.8885574340820312	0.5390625	137603	0.30078125	max		256		1	128	False			0.001	8	100	36			mlp	True
648	0.7883515357971191	0.60546875	137603	0.28515625	max		256		1	128	False			0.001	8	100	36			mlp	True
649	0.8610908389091492	0.5390625	137603	0.3203125	max		256		1	128	False			0.001	8	100	36			mlp	True
650	0.8551758527755737	0.5625	137603	0.32421875	max		256		1	128	False			0.001	8	100	36			mlp	True
651	0.9209524393081665	0.48828125	137603	0.29296875	max		256		1	128	False			0.001	8	100	36			mlp	True
652	0.8805262446403503	0.5546875	137603	0.3125	max		256		1	128	False			0.001	8	100	36			mlp	True
653	0.8471955060958862	0.5546875	137603	0.31640625	max		256		1	128	False			0.001	8	100	36			mlp	True
654	0.8407821655273438	0.55859375	137603	0.31640625	max		256		1	128	False			0.001	8	100	36			mlp	True
655	0.8453437089920044	0.5390625	137603	0.30859375	max		256		1	128	False			0.001	8	100	36			mlp	True
656	0.8906655311584473	0.5390625	137603	0.2890625	max		256		1	128	False			0.001	8	100	36			mlp	True
657	0.9286876916885376	0.51171875	137603	0.3046875	max		256		1	128	False			0.001	8	100	36			mlp	True
658	0.8392514586448669	0.5390625	137603	0.328125	max		256		1	128	False			0.001	8	100	36			mlp	True
659	0.8977593183517456	0.5390625	137603	0.3125	max		256		1	128	False			0.001	8	100	36			mlp	True
660	0.8751444816589355	0.54296875	137603	0.32421875	max		256		1	128	False			0.001	8	100	36			mlp	True
661	0.8659597039222717	0.54296875	137603	0.28125	max		256		1	128	False			0.001	8	100	36			mlp	True
662	0.8957313299179077	0.53125	137603	0.28515625	max		256		1	128	False			0.001	8	100	36			mlp	True
663	0.8991965055465698	0.50390625	137603	0.28515625	max		256		1	128	False			0.001	8	100	36			mlp	True
664	0.8884583711624146	0.57421875	137603	0.2890625	max		256		1	128	False			0.001	8	100	36			mlp	True
665	0.8747708797454834	0.51171875	137603	0.31640625	max		256		1	128	False			0.001	8	100	36			mlp	True
666	0.8924884796142578	0.5234375	137603	0.29296875	max		256		1	128	False			0.001	8	100	36			mlp	True
667	0.8610926270484924	0.61328125	137603	0.2734375	max		256		1	128	False			0.001	8	100	36			mlp	True
668	0.8336215615272522	0.61328125	137603	0.28515625	max		256		1	128	False			0.001	8	100	36			mlp	True
669	0.8999147415161133	0.5546875	137603	0.32421875	max		256		1	128	False			0.001	8	100	36			mlp	True
670	0.8300838470458984	0.60546875	137603	0.30078125	max		256		1	128	False			0.001	8	100	36			mlp	True
671	0.8185542821884155	0.5703125	137603	0.3046875	max		256		1	128	False			0.001	8	100	36			mlp	True
672	0.831350564956665	0.58203125	137603	0.3046875	max		256		1	128	False			0.001	8	100	36			mlp	True
673	0.9109176397323608	0.48828125	137603	0.296875	max		256		1	128	False			0.001	8	100	36			mlp	True
674	0.923275887966156	0.52734375	137603	0.3125	max		256		1	128	False			0.001	8	100	36			mlp	True
675	0.8506148457527161	0.546875	137603	0.28515625	max		256		1	128	False			0.001	8	100	36			mlp	True
676	0.8375903367996216	0.59765625	137603	0.2734375	max		256		1	128	False			0.001	8	100	36			mlp	True
677	0.8408573269844055	0.53125	137603	0.3203125	max		256		1	128	False			0.001	8	100	36			mlp	True
678	0.8409026265144348	0.59375	137603	0.31640625	max		256		1	128	False			0.001	8	100	36			mlp	True
679	0.8653672933578491	0.56640625	137603	0.2734375	max		256		1	128	False			0.001	8	100	36			mlp	True
680	0.8485457897186279	0.55078125	137603	0.32421875	max		256		1	128	False			0.001	8	100	36			mlp	True
681	0.8703866600990295	0.59375	137603	0.28515625	max		256		1	128	False			0.001	8	100	36			mlp	True
682	0.89366215467453	0.5234375	137603	0.3203125	max		256		1	128	False			0.001	8	100	36			mlp	True
683	0.8767393827438354	0.58984375	137603	0.28515625	max		256		1	128	False			0.001	8	100	36			mlp	True
684	0.886760950088501	0.51953125	137603	0.30859375	max		256		1	128	False			0.001	8	100	36			mlp	True
685	0.8267953991889954	0.578125	137603	0.3046875	max		256		1	128	False			0.001	8	100	36			mlp	True
686	0.9572211503982544	0.4609375	137603	0.29296875	max		256		1	128	False			0.001	8	100	36			mlp	True
687	0.9020688533782959	0.5234375	137603	0.28125	max		256		1	128	False			0.001	8	100	36			mlp	True
688	0.9125306010246277	0.51171875	137603	0.29296875	max		256		1	128	False			0.001	8	100	36			mlp	True
689	0.8584556579589844	0.54296875	137603	0.29296875	max		256		1	128	False			0.001	8	100	36			mlp	True
690	0.9208300113677979	0.53515625	137603	0.32421875	max		256		1	128	False			0.001	8	100	36			mlp	True
691	0.9092295169830322	0.5078125	137603	0.3046875	max		256		1	128	False			0.001	8	100	36			mlp	True
692	0.8695256114006042	0.53515625	137603	0.31640625	max		256		1	128	False			0.001	8	100	36			mlp	True
693	0.8794773817062378	0.515625	137603	0.3125	max		256		1	128	False			0.001	8	100	36			mlp	True
694	0.8293933868408203	0.59765625	137603	0.28125	max		256		1	128	False			0.001	8	100	36			mlp	True
695	0.9127711057662964	0.53125	137603	0.33203125	max		256		1	128	False			0.001	8	100	36			mlp	True
696	0.8090450763702393	0.60546875	137603	0.2890625	max		256		1	128	False			0.001	8	100	36			mlp	True
697	0.8356144428253174	0.5703125	137603	0.3125	max		256		1	128	False			0.001	8	100	36			mlp	True
698	0.8402617573738098	0.5625	137603	0.30078125	max		256		1	128	False			0.001	8	100	36			mlp	True
699	0.8815767765045166	0.5703125	137603	0.30859375	max		256		1	128	False			0.001	8	100	36			mlp	True
700	0.8071094751358032	0.5625	137603	0.328125	max		256		1	128	False			0.001	8	100	36			mlp	True
701	0.9372116327285767	0.51953125	137603	0.30078125	max		256		1	128	False			0.001	8	100	36			mlp	True
702	0.8363096714019775	0.55078125	137603	0.3125	max		256		1	128	False			0.001	8	100	36			mlp	True
703	0.828574538230896	0.5546875	137603	0.31640625	max		256		1	128	False			0.001	8	100	36			mlp	True
704	0.8463741540908813	0.57421875	137603	0.30078125	max		256		1	128	False			0.001	8	100	36			mlp	True
705	0.8152739405632019	0.59375	137603	0.2890625	max		256		1	128	False			0.001	8	100	36			mlp	True
706	0.8939312696456909	0.58984375	137603	0.3203125	max		256		1	128	False			0.001	8	100	36			mlp	True
707	0.8722733855247498	0.52734375	137603	0.30078125	max		256		1	128	False			0.001	8	100	36			mlp	True
708	0.8794731497764587	0.5234375	137603	0.296875	max		256		1	128	False			0.001	8	100	36			mlp	True
709	0.8826403617858887	0.5625	137603	0.3125	max		256		1	128	False			0.001	8	100	36			mlp	True
710	0.9032893180847168	0.53125	137603	0.2890625	max		256		1	128	False			0.001	8	100	36			mlp	True
711	0.849962055683136	0.59765625	137603	0.296875	max		256		1	128	False			0.001	8	100	36			mlp	True
712	0.8303783535957336	0.59375	137603	0.3046875	max		256		1	128	False			0.001	8	100	36			mlp	True
713	0.9305365681648254	0.5234375	137603	0.32421875	max		256		1	128	False			0.001	8	100	36			mlp	True
714	0.860361635684967	0.55078125	137603	0.296875	max		256		1	128	False			0.001	8	100	36			mlp	True
715	0.878800630569458	0.48828125	137603	0.31640625	max		256		1	128	False			0.001	8	100	36			mlp	True
716	0.8392316699028015	0.5625	137603	0.2890625	max		256		1	128	False			0.001	8	100	36			mlp	True
717	0.8812040686607361	0.51953125	137603	0.296875	max		256		1	128	False			0.001	8	100	36			mlp	True
718	0.8586480021476746	0.53515625	137603	0.3046875	max		256		1	128	False			0.001	8	100	36			mlp	True
719	0.8820773959159851	0.546875	137603	0.32421875	max		256		1	128	False			0.001	8	100	36			mlp	True
720	0.9160950183868408	0.50390625	137603	0.28125	max		256		1	128	False			0.001	8	100	36			mlp	True
721	0.8409163951873779	0.55078125	137603	0.3046875	max		256		1	128	False			0.001	8	100	36			mlp	True
722	0.8779053092002869	0.546875	137603	0.30078125	max		256		1	128	False			0.001	8	100	36			mlp	True
723	0.88932204246521	0.5703125	137603	0.32421875	max		256		1	128	False			0.001	8	100	36			mlp	True
724	0.8995358943939209	0.53125	137603	0.328125	max		256		1	128	False			0.001	8	100	36			mlp	True
725	0.8974707126617432	0.52734375	137603	0.30078125	max		256		1	128	False			0.001	8	100	36			mlp	True
726	0.939011812210083	0.54296875	137603	0.30859375	max		256		1	128	False			0.001	8	100	36			mlp	True
727	0.8454087972640991	0.625	137603	0.2734375	max		256		1	128	False			0.001	8	100	36			mlp	True
728	0.8755252957344055	0.54296875	137603	0.29296875	max		256		1	128	False			0.001	8	100	36			mlp	True
729	0.8423630595207214	0.5546875	137603	0.31640625	max		256		1	128	False			0.001	8	100	36			mlp	True
730	0.9192748665809631	0.484375	137603	0.32421875	max		256		1	128	False			0.001	8	100	36			mlp	True
731	0.9151579737663269	0.55078125	137603	0.30859375	max		256		1	128	False			0.001	8	100	36			mlp	True
732	0.8298415541648865	0.56640625	137603	0.30859375	max		256		1	128	False			0.001	8	100	36			mlp	True
733	0.9152520298957825	0.53125	137603	0.32421875	max		256		1	128	False			0.001	8	100	36			mlp	True
734	0.9107266068458557	0.54296875	137603	0.31640625	max		256		1	128	False			0.001	8	100	36			mlp	True
735	0.9256722927093506	0.49609375	137603	0.26953125	max		256		1	128	False			0.001	8	100	36			mlp	True
736	0.8610312938690186	0.55859375	137603	0.28515625	max		256		1	128	False			0.001	8	100	36			mlp	True
737	0.9173527956008911	0.51953125	137603	0.29296875	max		256		1	128	False			0.001	8	100	36			mlp	True
738	0.9019656181335449	0.55859375	137603	0.33203125	max		256		1	128	False			0.001	8	100	36			mlp	True
739	0.914246141910553	0.46484375	137603	0.2890625	max		256		1	128	False			0.001	8	100	36			mlp	True
740	0.834784746170044	0.55078125	137603	0.31640625	max		256		1	128	False			0.001	8	100	36			mlp	True
741	0.9008179306983948	0.4921875	137603	0.32421875	max		256		1	128	False			0.001	8	100	36			mlp	True
742	0.8927849531173706	0.50390625	137603	0.328125	max		256		1	128	False			0.001	8	100	36			mlp	True
743	0.8452165722846985	0.56640625	137603	0.28125	max		256		1	128	False			0.001	8	100	36			mlp	True
744	0.8335870504379272	0.58984375	137603	0.296875	max		256		1	128	False			0.001	8	100	36			mlp	True
745	0.8629047870635986	0.546875	137603	0.28515625	max		256		1	128	False			0.001	8	100	36			mlp	True
746	0.8494447469711304	0.546875	137603	0.328125	max		256		1	128	False			0.001	8	100	36			mlp	True
747	0.8826628923416138	0.53125	137603	0.296875	max		256		1	128	False			0.001	8	100	36			mlp	True
748	0.8909462690353394	0.52734375	137603	0.31640625	max		256		1	128	False			0.001	8	100	36			mlp	True
749	0.9609458446502686	0.53515625	137603	0.29296875	max		256		1	128	False			0.001	8	100	36			mlp	True
750	0.9466105699539185	0.51171875	137603	0.296875	max		256		1	128	False			0.001	8	100	36			mlp	True
751	0.8642120361328125	0.53125	137603	0.30859375	max		256		1	128	False			0.001	8	100	36			mlp	True
752	0.9310441613197327	0.57421875	137603	0.29296875	max		256		1	128	False			0.001	8	100	36			mlp	True
753	0.841816782951355	0.5625	137603	0.27734375	max		256		1	128	False			0.001	8	100	36			mlp	True
754	0.8602023124694824	0.57421875	137603	0.2890625	max		256		1	128	False			0.001	8	100	36			mlp	True
755	0.8906686902046204	0.546875	137603	0.32421875	max		256		1	128	False			0.001	8	100	36			mlp	True
756	0.8456522226333618	0.6015625	137603	0.30078125	max		256		1	128	False			0.001	8	100	36			mlp	True
757	0.8766871690750122	0.55859375	137603	0.32421875	max		256		1	128	False			0.001	8	100	36			mlp	True
758	0.8461312651634216	0.578125	137603	0.30859375	max		256		1	128	False			0.001	8	100	36			mlp	True
759	0.7853796482086182	0.58984375	137603	0.30078125	max		256		1	128	False			0.001	8	100	36			mlp	True
760	0.8689716458320618	0.53515625	137603	0.3046875	max		256		1	128	False			0.001	8	100	36			mlp	True
761	0.8856925368309021	0.5390625	137603	0.3046875	max		256		1	128	False			0.001	8	100	36			mlp	True
762	0.885345995426178	0.50390625	137603	0.30859375	max		256		1	128	False			0.001	8	100	36			mlp	True
763	0.8751906752586365	0.546875	137603	0.2734375	max		256		1	128	False			0.001	8	100	36			mlp	True
764	0.8084748387336731	0.5859375	137603	0.2734375	max		256		1	128	False			0.001	8	100	36			mlp	True
765	0.889838695526123	0.5546875	137603	0.3203125	max		256		1	128	False			0.001	8	100	36			mlp	True
766	0.842038631439209	0.57421875	137603	0.296875	max		256		1	128	False			0.001	8	100	36			mlp	True
767	0.8290731310844421	0.56640625	137603	0.296875	max		256		1	128	False			0.001	8	100	36			mlp	True
768	0.8432033658027649	0.55078125	137603	0.2890625	max		256		1	128	False			0.001	8	100	36			mlp	True
769	0.8977276682853699	0.51953125	137603	0.30859375	max		256		1	128	False			0.001	8	100	36			mlp	True
770	0.916015088558197	0.546875	137603	0.3203125	max		256		1	128	False			0.001	8	100	36			mlp	True
771	0.9040876626968384	0.5703125	137603	0.29296875	max		256		1	128	False			0.001	8	100	36			mlp	True
772	0.9077494740486145	0.51171875	137603	0.28125	max		256		1	128	False			0.001	8	100	36			mlp	True
773	0.90742027759552	0.49609375	137603	0.2734375	max		256		1	128	False			0.001	8	100	36			mlp	True
774	0.8164373636245728	0.59375	137603	0.29296875	max		256		1	128	False			0.001	8	100	36			mlp	True
775	0.891965389251709	0.52734375	137603	0.31640625	max		256		1	128	False			0.001	8	100	36			mlp	True
776	0.7999393939971924	0.62890625	137603	0.29296875	max		256		1	128	False			0.001	8	100	36			mlp	True
777	0.9200348854064941	0.53515625	137603	0.28125	max		256		1	128	False			0.001	8	100	36			mlp	True
778	0.842363178730011	0.56640625	137603	0.29296875	max		256		1	128	False			0.001	8	100	36			mlp	True
779	0.9140238761901855	0.53515625	137603	0.3125	max		256		1	128	False			0.001	8	100	36			mlp	True
780	0.8459169268608093	0.54296875	137603	0.3046875	max		256		1	128	False			0.001	8	100	36			mlp	True
781	0.8272990584373474	0.58984375	137603	0.29296875	max		256		1	128	False			0.001	8	100	36			mlp	True
782	0.848973274230957	0.546875	137603	0.29296875	max		256		1	128	False			0.001	8	100	36			mlp	True
783	0.8620036244392395	0.5546875	137603	0.30859375	max		256		1	128	False			0.001	8	100	36			mlp	True
784	0.899532675743103	0.515625	137603	0.32421875	max		256		1	128	False			0.001	8	100	36			mlp	True
785	0.8917444944381714	0.58984375	137603	0.30078125	max		256		1	128	False			0.001	8	100	36			mlp	True
786	0.9293475151062012	0.53515625	137603	0.3125	max		256		1	128	False			0.001	8	100	36			mlp	True
787	0.8492799401283264	0.5625	137603	0.3125	max		256		1	128	False			0.001	8	100	36			mlp	True
788	0.8436456918716431	0.5234375	137603	0.328125	max		256		1	128	False			0.001	8	100	36			mlp	True
789	0.826396644115448	0.56640625	137603	0.3203125	max		256		1	128	False			0.001	8	100	36			mlp	True
790	0.8813735246658325	0.52734375	137603	0.3125	max		256		1	128	False			0.001	8	100	36			mlp	True
791	0.8680114150047302	0.5546875	137603	0.28515625	max		256		1	128	False			0.001	8	100	36			mlp	True
792	0.8612076640129089	0.5625	137603	0.3046875	max		256		1	128	False			0.001	8	100	36			mlp	True
793	0.8698865175247192	0.6015625	137603	0.30859375	max		256		1	128	False			0.001	8	100	36			mlp	True
794	0.8744825124740601	0.5546875	137603	0.30078125	max		256		1	128	False			0.001	8	100	36			mlp	True
795	0.8644974231719971	0.55078125	137603	0.25390625	max		256		1	128	False			0.001	8	100	36			mlp	True
796	0.8110111951828003	0.59375	137603	0.26953125	max		256		1	128	False			0.001	8	100	36			mlp	True
797	0.863964855670929	0.51171875	137603	0.3203125	max		256		1	128	False			0.001	8	100	36			mlp	True
798	0.8176068663597107	0.59765625	137603	0.31640625	max		256		1	128	False			0.001	8	100	36			mlp	True
799	0.8182421922683716	0.5703125	137603	0.32421875	max		256		1	128	False			0.001	8	100	36			mlp	True
800	0.899534285068512	0.50390625	137603	0.26171875	max		256		1	128	False			0.001	8	100	36			mlp	True
801	0.8497273325920105	0.58203125	137603	0.32421875	max		256		1	128	False			0.001	8	100	36			mlp	True
802	0.8862444162368774	0.54296875	137603	0.296875	max		256		1	128	False			0.001	8	100	36			mlp	True
803	0.8639541268348694	0.53125	137603	0.30859375	max		256		1	128	False			0.001	8	100	36			mlp	True
804	0.8904605507850647	0.51953125	137603	0.29296875	max		256		1	128	False			0.001	8	100	36			mlp	True
805	0.8797813057899475	0.51953125	137603	0.30859375	max		256		1	128	False			0.001	8	100	36			mlp	True
806	0.9080106019973755	0.52734375	137603	0.296875	max		256		1	128	False			0.001	8	100	36			mlp	True
807	0.887479841709137	0.5625	137603	0.30859375	max		256		1	128	False			0.001	8	100	36			mlp	True
808	0.894067108631134	0.54296875	137603	0.27734375	max		256		1	128	False			0.001	8	100	36			mlp	True
809	0.8419557809829712	0.58203125	137603	0.3203125	max		256		1	128	False			0.001	8	100	36			mlp	True
810	0.8573216199874878	0.59375	137603	0.3125	max		256		1	128	False			0.001	8	100	36			mlp	True
811	0.8630991578102112	0.515625	137603	0.28125	max		256		1	128	False			0.001	8	100	36			mlp	True
812	0.9000411629676819	0.5625	137603	0.32421875	max		256		1	128	False			0.001	8	100	36			mlp	True
813	0.8162165880203247	0.609375	137603	0.28125	max		256		1	128	False			0.001	8	100	36			mlp	True
814	0.8375312685966492	0.58984375	137603	0.3046875	max		256		1	128	False			0.001	8	100	36			mlp	True
815	0.9126023054122925	0.578125	137603	0.30859375	max		256		1	128	False			0.001	8	100	36			mlp	True
816	0.8748276233673096	0.5390625	137603	0.30078125	max		256		1	128	False			0.001	8	100	36			mlp	True
817	0.9143036603927612	0.5234375	137603	0.3203125	max		256		1	128	False			0.001	8	100	36			mlp	True
818	0.8505349159240723	0.52734375	137603	0.31640625	max		256		1	128	False			0.001	8	100	36			mlp	True
819	0.8148385286331177	0.57421875	137603	0.2890625	max		256		1	128	False			0.001	8	100	36			mlp	True
820	0.8405005931854248	0.5703125	137603	0.3125	max		256		1	128	False			0.001	8	100	36			mlp	True
821	0.8453894853591919	0.54296875	137603	0.3046875	max		256		1	128	False			0.001	8	100	36			mlp	True
822	0.8705797791481018	0.54296875	137603	0.3125	max		256		1	128	False			0.001	8	100	36			mlp	True
823	0.8777548670768738	0.53125	137603	0.3125	max		256		1	128	False			0.001	8	100	36			mlp	True
824	0.8651484847068787	0.58203125	137603	0.3203125	max		256		1	128	False			0.001	8	100	36			mlp	True
825	0.8609831929206848	0.546875	137603	0.3125	max		256		1	128	False			0.001	8	100	36			mlp	True
826	0.8800785541534424	0.51171875	137603	0.32421875	max		256		1	128	False			0.001	8	100	36			mlp	True
827	0.9077372550964355	0.546875	137603	0.3203125	max		256		1	128	False			0.001	8	100	36			mlp	True
828	0.895192563533783	0.56640625	137603	0.3203125	max		256		1	128	False			0.001	8	100	36			mlp	True
829	0.9026474952697754	0.50390625	137603	0.296875	max		256		1	128	False			0.001	8	100	36			mlp	True
830	0.9113568067550659	0.5390625	137603	0.3203125	max		256		1	128	False			0.001	8	100	36			mlp	True
831	0.9041651487350464	0.48828125	137603	0.31640625	max		256		1	128	False			0.001	8	100	36			mlp	True
832	0.8623209595680237	0.54296875	137603	0.3125	max		256		1	128	False			0.001	8	100	36			mlp	True
833	0.8116517066955566	0.60546875	137603	0.29296875	max		256		1	128	False			0.001	8	100	36			mlp	True
834	0.8580959439277649	0.5703125	137603	0.33203125	max		256		1	128	False			0.001	8	100	36			mlp	True
835	0.8818517327308655	0.54296875	137603	0.328125	max		256		1	128	False			0.001	8	100	36			mlp	True
836	0.8584057092666626	0.59375	137603	0.3203125	max		256		1	128	False			0.001	8	100	36			mlp	True
837	0.8662927150726318	0.49609375	137603	0.31640625	max		256		1	128	False			0.001	8	100	36			mlp	True
838	0.8085850477218628	0.59375	137603	0.3203125	max		256		1	128	False			0.001	8	100	36			mlp	True
839	0.8804032802581787	0.58984375	137603	0.32421875	max		256		1	128	False			0.001	8	100	36			mlp	True
840	0.8435869812965393	0.52734375	137603	0.30078125	max		256		1	128	False			0.001	8	100	36			mlp	True
841	0.8244195580482483	0.625	137603	0.3046875	max		256		1	128	False			0.001	8	100	36			mlp	True
842	0.8457711338996887	0.546875	137603	0.32421875	max		256		1	128	False			0.001	8	100	36			mlp	True
843	0.8590244054794312	0.55859375	137603	0.30859375	max		256		1	128	False			0.001	8	100	36			mlp	True
844	0.8157694339752197	0.53515625	137603	0.28125	max		256		1	128	False			0.001	8	100	36			mlp	True
845	0.8446483612060547	0.53125	137603	0.31640625	max		256		1	128	False			0.001	8	100	36			mlp	True
846	0.8930550217628479	0.54296875	137603	0.32421875	max		256		1	128	False			0.001	8	100	36			mlp	True
847	0.8618208765983582	0.59375	137603	0.296875	max		256		1	128	False			0.001	8	100	36			mlp	True
848	0.8936288952827454	0.5078125	137603	0.296875	max		256		1	128	False			0.001	8	100	36			mlp	True
849	0.862586259841919	0.54296875	137603	0.31640625	max		256		1	128	False			0.001	8	100	36			mlp	True
850	0.8468075394630432	0.55078125	137603	0.3125	max		256		1	128	False			0.001	8	100	36			mlp	True
851	0.9059557914733887	0.546875	137603	0.25	max		256		1	128	False			0.001	8	100	36			mlp	True
852	0.8628203868865967	0.55859375	137603	0.296875	max		256		1	128	False			0.001	8	100	36			mlp	True
853	0.8497486114501953	0.578125	137603	0.31640625	max		256		1	128	False			0.001	8	100	36			mlp	True
854	0.9247023463249207	0.5546875	137603	0.2890625	max		256		1	128	False			0.001	8	100	36			mlp	True
855	0.8382180333137512	0.61328125	137603	0.2734375	max		256		1	128	False			0.001	8	100	36			mlp	True
856	0.903782308101654	0.53515625	137603	0.296875	max		256		1	128	False			0.001	8	100	36			mlp	True
857	0.8946253657341003	0.5546875	137603	0.28125	max		256		1	128	False			0.001	8	100	36			mlp	True
858	0.8206073045730591	0.59375	137603	0.29296875	max		256		1	128	False			0.001	8	100	36			mlp	True
859	0.8373498916625977	0.5703125	137603	0.3046875	max		256		1	128	False			0.001	8	100	36			mlp	True
860	0.8273746967315674	0.53125	137603	0.3203125	max		256		1	128	False			0.001	8	100	36			mlp	True
861	0.8639559149742126	0.4921875	137603	0.30078125	max		256		1	128	False			0.001	8	100	36			mlp	True
862	0.87151038646698	0.57421875	137603	0.30859375	max		256		1	128	False			0.001	8	100	36			mlp	True
863	0.8879423141479492	0.53125	137603	0.29296875	max		256		1	128	False			0.001	8	100	36			mlp	True
864	0.9029669165611267	0.58203125	137603	0.30078125	max		256		1	128	False			0.001	8	100	36			mlp	True
865	0.8967790007591248	0.5234375	137603	0.26953125	max		256		1	128	False			0.001	8	100	36			mlp	True
866	0.8879093527793884	0.55078125	137603	0.31640625	max		256		1	128	False			0.001	8	100	36			mlp	True
867	0.8698953986167908	0.54296875	137603	0.30859375	max		256		1	128	False			0.001	8	100	36			mlp	True
868	0.8105663061141968	0.58984375	137603	0.31640625	max		256		1	128	False			0.001	8	100	36			mlp	True
869	0.9119003415107727	0.4921875	137603	0.30078125	max		256		1	128	False			0.001	8	100	36			mlp	True
870	0.886712372303009	0.5859375	137603	0.3125	max		256		1	128	False			0.001	8	100	36			mlp	True
871	0.8714122176170349	0.51171875	137603	0.30859375	max		256		1	128	False			0.001	8	100	36			mlp	True
872	0.8880490660667419	0.5234375	137603	0.30859375	max		256		1	128	False			0.001	8	100	36			mlp	True
873	0.8746209144592285	0.54296875	137603	0.30078125	max		256		1	128	False			0.001	8	100	36			mlp	True
874	0.8508458733558655	0.5625	137603	0.32421875	max		256		1	128	False			0.001	8	100	36			mlp	True
875	0.8435860276222229	0.59375	137603	0.31640625	max		256		1	128	False			0.001	8	100	36			mlp	True
876	0.8819214105606079	0.57421875	137603	0.3046875	max		256		1	128	False			0.001	8	100	36			mlp	True
877	0.8628328442573547	0.5234375	137603	0.3125	max		256		1	128	False			0.001	8	100	36			mlp	True
878	0.8546240329742432	0.56640625	137603	0.3046875	max		256		1	128	False			0.001	8	100	36			mlp	True
879	0.8529003858566284	0.5859375	137603	0.28515625	max		256		1	128	False			0.001	8	100	36			mlp	True
880	0.8609808683395386	0.5390625	137603	0.3203125	max		256		1	128	False			0.001	8	100	36			mlp	True
881	0.8684273958206177	0.52734375	137603	0.30078125	max		256		1	128	False			0.001	8	100	36			mlp	True
882	0.8634746074676514	0.49609375	137603	0.265625	max		256		1	128	False			0.001	8	100	36			mlp	True
883	0.8420560359954834	0.51953125	137603	0.31640625	max		256		1	128	False			0.001	8	100	36			mlp	True
884	0.8429617881774902	0.55859375	137603	0.328125	max		256		1	128	False			0.001	8	100	36			mlp	True
885	0.8585234880447388	0.578125	137603	0.30078125	max		256		1	128	False			0.001	8	100	36			mlp	True
886	0.9118127822875977	0.52734375	137603	0.32421875	max		256		1	128	False			0.001	8	100	36			mlp	True
887	0.8830463290214539	0.50390625	137603	0.328125	max		256		1	128	False			0.001	8	100	36			mlp	True
888	0.9479451775550842	0.5078125	137603	0.3125	max		256		1	128	False			0.001	8	100	36			mlp	True
889	0.8313111662864685	0.55859375	137603	0.3046875	max		256		1	128	False			0.001	8	100	36			mlp	True
890	0.874524712562561	0.55859375	137603	0.32421875	max		256		1	128	False			0.001	8	100	36			mlp	True
891	0.941302478313446	0.5078125	137603	0.3203125	max		256		1	128	False			0.001	8	100	36			mlp	True
892	0.7685849070549011	0.63671875	137603	0.2734375	max		256		1	128	False			0.001	8	100	36			mlp	True
893	0.8060235381126404	0.5859375	137603	0.30859375	max		256		1	128	False			0.001	8	100	36			mlp	True
894	0.8264885544776917	0.58984375	137603	0.28515625	max		256		1	128	False			0.001	8	100	36			mlp	True
895	0.9296674132347107	0.484375	137603	0.30078125	max		256		1	128	False			0.001	8	100	36			mlp	True
896	0.8386226296424866	0.54296875	137603	0.30859375	max		256		1	128	False			0.001	8	100	36			mlp	True
897	0.9162992238998413	0.51953125	137603	0.30859375	max		256		1	128	False			0.001	8	100	36			mlp	True
898	0.9157251119613647	0.48046875	137603	0.28515625	max		256		1	128	False			0.001	8	100	36			mlp	True
899	0.9114781022071838	0.609375	137603	0.2734375	max		256		1	128	False			0.001	8	100	36			mlp	True
900	0.8995175361633301	0.5078125	137603	0.29296875	max		256		1	128	False			0.001	8	100	36			mlp	True
901	0.8075020909309387	0.5703125	137603	0.31640625	max		256		1	128	False			0.001	8	100	36			mlp	True
902	0.9155633449554443	0.51171875	137603	0.30859375	max		256		1	128	False			0.001	8	100	36			mlp	True
903	0.8790335655212402	0.55078125	137603	0.3046875	max		256		1	128	False			0.001	8	100	36			mlp	True
904	0.8639475107192993	0.515625	137603	0.3203125	max		256		1	128	False			0.001	8	100	36			mlp	True
905	0.9320642948150635	0.53125	137603	0.3125	max		256		1	128	False			0.001	8	100	36			mlp	True
906	0.9585983753204346	0.5078125	137603	0.30859375	max		256		1	128	False			0.001	8	100	36			mlp	True
907	0.945735514163971	0.5	137603	0.30859375	max		256		1	128	False			0.001	8	100	36			mlp	True
908	0.8317753076553345	0.57421875	137603	0.30078125	max		256		1	128	False			0.001	8	100	36			mlp	True
909	0.8963029384613037	0.51953125	137603	0.31640625	max		256		1	128	False			0.001	8	100	36			mlp	True
910	0.8395261764526367	0.55859375	137603	0.3046875	max		256		1	128	False			0.001	8	100	36			mlp	True
911	0.9115630388259888	0.46484375	137603	0.28125	max		256		1	128	False			0.001	8	100	36			mlp	True
912	0.7811798453330994	0.61328125	137603	0.2890625	max		256		1	128	False			0.001	8	100	36			mlp	True
913	0.8288202881813049	0.56640625	137603	0.30078125	max		256		1	128	False			0.001	8	100	36			mlp	True
914	0.8428772687911987	0.546875	137603	0.3203125	max		256		1	128	False			0.001	8	100	36			mlp	True
915	0.8020270466804504	0.60546875	137603	0.2890625	max		256		1	128	False			0.001	8	100	36			mlp	True
916	0.9176660180091858	0.4453125	137603	0.30859375	max		256		1	128	False			0.001	8	100	36			mlp	True
917	0.8222463726997375	0.58203125	137603	0.3046875	max		256		1	128	False			0.001	8	100	36			mlp	True
918	0.879800021648407	0.51953125	137603	0.30859375	max		256		1	128	False			0.001	8	100	36			mlp	True
919	0.8755972981452942	0.57421875	137603	0.3203125	max		256		1	128	False			0.001	8	100	36			mlp	True
920	0.8416141867637634	0.55859375	137603	0.31640625	max		256		1	128	False			0.001	8	100	36			mlp	True
921	0.8232024908065796	0.6171875	137603	0.33203125	max		256		1	128	False			0.001	8	100	36			mlp	True
922	0.8441556096076965	0.625	137603	0.3203125	max		256		1	128	False			0.001	8	100	36			mlp	True
923	0.8806236982345581	0.53125	137603	0.296875	max		256		1	128	False			0.001	8	100	36			mlp	True
924	0.8610713481903076	0.6015625	137603	0.30078125	max		256		1	128	False			0.001	8	100	36			mlp	True
925	0.833340585231781	0.6015625	137603	0.29296875	max		256		1	128	False			0.001	8	100	36			mlp	True
926	0.8551884889602661	0.54296875	137603	0.30078125	max		256		1	128	False			0.001	8	100	36			mlp	True
927	0.9075345396995544	0.5078125	137603	0.30859375	max		256		1	128	False			0.001	8	100	36			mlp	True
928	0.8596654534339905	0.55859375	137603	0.30859375	max		256		1	128	False			0.001	8	100	36			mlp	True
929	0.8456186652183533	0.51171875	137603	0.2734375	max		256		1	128	False			0.001	8	100	36			mlp	True
930	0.9694828987121582	0.46875	137603	0.30078125	max		256		1	128	False			0.001	8	100	36			mlp	True
931	0.8319908380508423	0.5703125	137603	0.3203125	max		256		1	128	False			0.001	8	100	36			mlp	True
932	0.8511881232261658	0.54296875	137603	0.3125	max		256		1	128	False			0.001	8	100	36			mlp	True
933	0.8606688380241394	0.53515625	137603	0.296875	max		256		1	128	False			0.001	8	100	36			mlp	True
934	0.8701522946357727	0.55859375	137603	0.328125	max		256		1	128	False			0.001	8	100	36			mlp	True
935	0.8989054560661316	0.5546875	137603	0.30078125	max		256		1	128	False			0.001	8	100	36			mlp	True
936	0.8564216494560242	0.5546875	137603	0.32421875	max		256		1	128	False			0.001	8	100	36			mlp	True
937	0.8853681087493896	0.54296875	137603	0.296875	max		256		1	128	False			0.001	8	100	36			mlp	True
938	0.9020742177963257	0.51953125	137603	0.265625	max		256		1	128	False			0.001	8	100	36			mlp	True
939	0.8760383725166321	0.55859375	137603	0.28125	max		256		1	128	False			0.001	8	100	36			mlp	True
940	0.8663015365600586	0.59765625	137603	0.30078125	max		256		1	128	False			0.001	8	100	36			mlp	True
941	0.9005730152130127	0.53125	137603	0.30859375	max		256		1	128	False			0.001	8	100	36			mlp	True
942	0.8713504672050476	0.5625	137603	0.30078125	max		256		1	128	False			0.001	8	100	36			mlp	True
943	0.8758830428123474	0.55078125	137603	0.27734375	max		256		1	128	False			0.001	8	100	36			mlp	True
944	0.8331806063652039	0.57421875	137603	0.28515625	max		256		1	128	False			0.001	8	100	36			mlp	True
945	0.8988271355628967	0.546875	137603	0.29296875	max		256		1	128	False			0.001	8	100	36			mlp	True
946	0.8260995149612427	0.5703125	137603	0.32421875	max		256		1	128	False			0.001	8	100	36			mlp	True
947	0.8768238425254822	0.52734375	137603	0.3125	max		256		1	128	False			0.001	8	100	36			mlp	True
948	0.8445117473602295	0.54296875	137603	0.265625	max		256		1	128	False			0.001	8	100	36			mlp	True
949	0.8897830247879028	0.51953125	137603	0.29296875	max		256		1	128	False			0.001	8	100	36			mlp	True
950	0.8298266530036926	0.58984375	137603	0.30859375	max		256		1	128	False			0.001	8	100	36			mlp	True
951	0.8929017782211304	0.49609375	137603	0.30859375	max		256		1	128	False			0.001	8	100	36			mlp	True
952	0.8549384474754333	0.5390625	137603	0.28125	max		256		1	128	False			0.001	8	100	36			mlp	True
953	0.8575937151908875	0.515625	137603	0.2890625	max		256		1	128	False			0.001	8	100	36			mlp	True
954	0.8207012414932251	0.58203125	137603	0.2890625	max		256		1	128	False			0.001	8	100	36			mlp	True
955	0.871651291847229	0.5234375	137603	0.29296875	max		256		1	128	False			0.001	8	100	36			mlp	True
956	0.8933702707290649	0.51953125	137603	0.2890625	max		256		1	128	False			0.001	8	100	36			mlp	True
957	0.9295756816864014	0.47265625	137603	0.296875	max		256		1	128	False			0.001	8	100	36			mlp	True
958	0.8709641695022583	0.53125	137603	0.30078125	max		256		1	128	False			0.001	8	100	36			mlp	True
959	0.8514212965965271	0.51171875	137603	0.27734375	max		256		1	128	False			0.001	8	100	36			mlp	True
960	0.8538945913314819	0.515625	137603	0.27734375	max		256		1	128	False			0.001	8	100	36			mlp	True
961	0.8767148852348328	0.53125	137603	0.3046875	max		256		1	128	False			0.001	8	100	36			mlp	True
962	0.879364013671875	0.53515625	137603	0.28125	max		256		1	128	False			0.001	8	100	36			mlp	True
963	0.8828751444816589	0.59375	137603	0.3125	max		256		1	128	False			0.001	8	100	36			mlp	True
964	0.822966456413269	0.578125	137603	0.3125	max		256		1	128	False			0.001	8	100	36			mlp	True
965	0.8959559202194214	0.515625	137603	0.3203125	max		256		1	128	False			0.001	8	100	36			mlp	True
966	0.8636990785598755	0.5625	137603	0.30859375	max		256		1	128	False			0.001	8	100	36			mlp	True
967	0.8873658180236816	0.51953125	137603	0.29296875	max		256		1	128	False			0.001	8	100	36			mlp	True
968	0.8718377947807312	0.56640625	137603	0.296875	max		256		1	128	False			0.001	8	100	36			mlp	True
969	0.8219998478889465	0.5703125	137603	0.29296875	max		256		1	128	False			0.001	8	100	36			mlp	True
970	0.8777478337287903	0.5703125	137603	0.3046875	max		256		1	128	False			0.001	8	100	36			mlp	True
971	0.8578199744224548	0.56640625	137603	0.3125	max		256		1	128	False			0.001	8	100	36			mlp	True
972	0.9184324741363525	0.5234375	137603	0.296875	max		256		1	128	False			0.001	8	100	36			mlp	True
973	0.8512222766876221	0.5546875	137603	0.3125	max		256		1	128	False			0.001	8	100	36			mlp	True
974	0.8403574228286743	0.53125	137603	0.3203125	max		256		1	128	False			0.001	8	100	36			mlp	True
975	0.8257973790168762	0.55078125	137603	0.296875	max		256		1	128	False			0.001	8	100	36			mlp	True
976	0.8650125861167908	0.55859375	137603	0.29296875	max		256		1	128	False			0.001	8	100	36			mlp	True
977	0.8291622400283813	0.5859375	137603	0.3125	max		256		1	128	False			0.001	8	100	36			mlp	True
978	0.9039269089698792	0.52734375	137603	0.3125	max		256		1	128	False			0.001	8	100	36			mlp	True
979	0.8767140507698059	0.546875	137603	0.31640625	max		256		1	128	False			0.001	8	100	36			mlp	True
980	0.7921568751335144	0.6015625	137603	0.28125	max		256		1	128	False			0.001	8	100	36			mlp	True
981	0.839322030544281	0.546875	137603	0.3046875	max		256		1	128	False			0.001	8	100	36			mlp	True
982	0.8249905109405518	0.57421875	137603	0.3125	max		256		1	128	False			0.001	8	100	36			mlp	True
983	0.8513326644897461	0.578125	137603	0.296875	max		256		1	128	False			0.001	8	100	36			mlp	True
984	0.878746747970581	0.55078125	137603	0.2890625	max		256		1	128	False			0.001	8	100	36			mlp	True
985	0.8347164988517761	0.58203125	137603	0.30859375	max		256		1	128	False			0.001	8	100	36			mlp	True
986	0.8872399926185608	0.51953125	137603	0.2578125	max		256		1	128	False			0.001	8	100	36			mlp	True
987	0.8272581100463867	0.56640625	137603	0.30859375	max		256		1	128	False			0.001	8	100	36			mlp	True
988	0.8330469131469727	0.62109375	137603	0.33203125	max		256		1	128	False			0.001	8	100	36			mlp	True
989	0.8620527982711792	0.5703125	137603	0.32421875	max		256		1	128	False			0.001	8	100	36			mlp	True
990	0.8858351111412048	0.54296875	137603	0.30078125	max		256		1	128	False			0.001	8	100	36			mlp	True
991	0.870381236076355	0.52734375	137603	0.3203125	max		256		1	128	False			0.001	8	100	36			mlp	True
992	0.8460920453071594	0.52734375	137603	0.30078125	max		256		1	128	False			0.001	8	100	36			mlp	True
993	0.8364588022232056	0.55859375	137603	0.27734375	max		256		1	128	False			0.001	8	100	36			mlp	True
994	0.8236697912216187	0.5625	137603	0.31640625	max		256		1	128	False			0.001	8	100	36			mlp	True
995	0.8572383522987366	0.5625	137603	0.3203125	max		256		1	128	False			0.001	8	100	36			mlp	True
996	0.8446713089942932	0.5546875	137603	0.30078125	max		256		1	128	False			0.001	8	100	36			mlp	True
997	0.8394613265991211	0.6015625	137603	0.31640625	max		256		1	128	False			0.001	8	100	36			mlp	True
998	0.9559693932533264	0.5078125	137603	0.33203125	max		256		1	128	False			0.001	8	100	36			mlp	True
999	0.8257929682731628	0.56640625	137603	0.3125	max		256		1	128	False			0.001	8	100	36			mlp	True
